first_name,second_name,goals_scored,assists,total_points,minutes,goals_conceded,creativity,influence,threat,bonus,bps,ict_index,clean_sheets,red_cards,yellow_cards,selected_by_percent,now_cost
Shkodran,Mustafi,0,2,42,1115,15,44.4,242.0,131.0,2,229,41.9,4,0,2,0.4,51
Héctor,Bellerín,1,0,43,1073,16,61.2,178.8,89.0,4,194,33.1,4,0,2,1.0,53
Sead,Kolasinac,0,2,51,1483,22,165.9,245.0,67.0,1,301,47.5,4,0,3,0.5,52
Ainsley,Maitland-Niles,0,2,39,1278,20,159.5,279.2,37.0,3,226,47.0,3,1,4,2.2,45
Sokratis,Papastathopoulos,2,0,57,1696,25,36.8,436.2,110.0,5,305,58.5,4,0,6,1.3,48
Nacho,Monreal,0,0,10,270,4,40.8,47.2,12.0,1,54,10.0,1,0,0,0.2,50
Laurent,Koscielny,0,0,0,0,0,0.0,0.0,0.0,0,0,0.0,0,0,0,0.1,50
Konstantinos,Mavropanos,0,0,0,0,0,0.0,0.0,0.0,0,0,0.0,0,0,0,0.0,43
Carl,Jenkinson,0,0,0,0,0,0.0,0.0,0.0,0,0,0.0,0,0,0,0.0,45
Rob,Holding,0,0,12,310,5,2.4,68.2,6.0,2,60,7.7,1,0,0,0.2,44
Pierre-Emerick,Aubameyang,20,4,184,2834,39,433.8,903.2,1244.0,34,724,257.8,10,1,3,23.0,109
Alexandre,Lacazette,8,5,96,1574,20,311.0,439.0,823.0,12,314,157.5,5,0,6,1.9,92
Edward,Nketiah,2,0,22,505,7,53.9,80.2,179.0,1,62,31.4,3,1,0,1.9,44
Bernd,Leno,0,0,114,2649,39,0.0,843.2,0.0,10,591,84.1,7,0,2,4.5,48
Mesut,Özil,1,3,53,1439,20,582.9,223.6,190.0,1,256,99.8,5,0,1,1.1,70
Henrikh,Mkhitaryan,0,0,4,110,0,33.9,5.4,46.0,0,3,8.6,1,0,1,0.7,67
Granit,Xhaka,1,1,65,2271,26,275.0,406.6,110.0,2,357,79.5,10,0,8,0.8,51
Lucas,Torreira,1,1,45,1382,21,201.9,276.8,199.0,0,241,68.0,3,0,5,1.0,47
Mohamed,Elneny,0,0,0,0,0,0.0,0.0,0.0,0,0,0.0,0,0,0,0.5,42
Matteo,Guendouzi,0,2,48,1744,31,235.1,333.6,146.0,2,272,71.6,3,0,6,7.2,42
David,Luiz Moreira Marinho,2,1,89,2480,36,105.3,634.6,191.0,10,458,93.2,8,2,5,4.9,57
Emiliano,Martínez,0,0,23,410,3,0.0,107.0,0.0,1,96,10.8,3,0,1,2.7,43
Calum,Chambers,1,1,42,1102,15,113.5,272.0,203.0,5,197,58.7,3,0,5,0.6,43
Daniel,Ceballos Fernández,0,2,51,1403,16,366.4,284.4,119.0,3,262,77.0,7,0,0,3.0,52
Cédric,Soares,1,1,56,1394,18,204.1,336.2,114.0,3,265,65.6,4,0,1,0.3,48
Nicolas,Pépé,5,6,100,1744,26,571.3,478.4,582.0,9,333,163.4,5,0,3,3.2,90
Reiss,Nelson,0,1,22,541,6,132.5,64.6,142.0,0,73,33.9,2,0,1,0.1,53
Joseph,Willock,1,1,38,733,15,163.4,169.2,200.0,0,146,53.1,1,0,1,0.2,47
Gabriel Teodoro,Martinelli Silva,3,1,39,656,9,36.6,162.8,226.0,5,129,42.5,2,0,1,1.9,43
Kieran,Tierney,0,1,27,693,11,103.4,120.2,44.0,3,154,26.9,2,0,2,0.7,53
Bukayo,Saka,1,6,68,1583,15,306.3,323.8,222.0,4,252,85.3,7,0,5,5.8,47
Emile,Smith Rowe,0,0,4,96,0,6.3,9.8,0.0,0,13,1.6,1,0,0,0.0,43
Tyreece,John-Jules,0,0,0,0,0,0.0,0.0,0.0,0,0,0.0,0,0,0,0.0,44
Pablo,Marí,0,0,8,113,0,1.7,27.8,0.0,1,31,3.0,1,0,0,0.0,45
Zech,Medley,0,0,0,0,0,0.0,0.0,0.0,0,0,0.0,0,0,0,0.0,40
Matt,Macey,0,0,0,0,0,0.0,0.0,0.0,0,0,0.0,0,0,0,0.0,40
Matthew,Smith,0,0,0,0,0,0.0,0.0,0.0,0,0,0.0,0,0,0,0.0,40
Ahmed,El Mohamady,1,1,30,820,27,227.1,216.4,63.0,6,180,50.7,1,0,0,1.0,41
James,Chester,0,0,0,0,0,0.0,0.0,0.0,0,0,0.0,0,0,0,0.0,42
Neil,Taylor,0,0,21,1052,25,78.9,152.4,29.0,0,156,26.1,2,0,2,0.2,42
Kortney,Hause,1,0,33,1530,33,33.0,345.6,248.0,0,199,62.7,2,0,3,0.1,44
Jonathan,Kodjia,0,0,5,111,6,12.2,3.4,24.0,0,14,3.8,0,0,1,0.1,54
Ørjan,Nyland,0,0,15,537,12,0.0,101.2,0.0,0,90,10.2,1,0,0,0.4,43
Conor,Hourihane,3,3,64,1210,28,472.6,315.4,276.0,7,262,106.3,3,0,4,0.1,57
Jack,Grealish,7,7,130,2873,61,1090.8,746.6,699.0,15,528,253.3,5,0,8,15.5,60
Anwar,El Ghazi,4,5,90,2017,47,476.6,380.0,646.0,0,277,150.2,5,0,3,0.8,53
John,McGinn,3,2,71,1952,39,435.2,416.2,448.0,4,293,129.7,4,0,3,2.8,53
Andre,Green,0,0,0,0,0,0.0,0.0,0.0,0,0,0.0,0,0,0,0.0,48
Birkir,Bjarnason,0,0,0,0,0,0.0,0.0,0.0,0,0,0.0,0,0,0,0.0,45
Keinan,Davis,0,1,21,458,5,66.9,26.2,198.0,0,40,28.2,1,0,0,0.3,43
Henri,Lansbury,0,0,11,189,6,27.2,13.4,13.0,0,34,5.5,0,0,0,0.3,44
José Ignacio,Peleteiro Romallo,0,1,17,329,5,56.9,47.0,73.0,0,48,17.3,2,0,0,0.2,57
Tom,Heaton,0,0,59,1794,35,0.3,507.4,0.0,3,346,50.7,4,0,0,2.2,43
Daniel,Drinkwater,0,0,6,317,11,21.2,18.6,8.0,0,32,4.7,0,0,1,0.6,44
Matt,Targett,1,3,70,1968,38,404.8,457.0,122.0,10,385,98.5,4,0,3,1.2,43
Wesley,Moraes,5,1,67,1782,31,169.8,296.2,632.0,7,180,108.3,6,0,3,0.8,54
Jed,Steer,0,0,1,7,0,0.0,0.0,0.0,0,3,0.0,0,0,0,0.1,43
Tyrone,Mings,2,1,69,2542,51,76.3,683.2,115.0,6,459,87.6,4,0,6,3.0,44
Ezri,Konsa Ngoyo,0,2,41,1678,37,140.6,310.6,119.0,2,261,57.2,3,0,3,0.1,43
Bjorn,Engels,1,0,42,1446,32,31.9,329.6,81.0,4,252,44.5,3,0,1,0.4,43
Frédéric,Guilbert,0,2,48,1898,36,225.6,431.8,55.0,2,302,71.4,4,0,7,0.4,43
Mahmoud Ahmed,Ibrahim Hassan,3,2,67,1607,28,287.3,297.4,613.0,2,190,119.1,3,1,2,1.0,52
Douglas Luiz,Soares de Paulo,3,2,82,2244,49,254.7,467.0,368.0,5,368,109.0,6,0,6,3.8,43
Lovre,Kalinic,0,0,0,0,0,0.0,0.0,0.0,0,0,0.0,0,0,0,0.1,42
Marvelous,Nakamba,0,0,40,1785,36,162.1,291.4,24.0,0,266,47.7,1,0,5,0.6,44
Indiana,Vassilev,0,0,4,47,1,1.6,1.2,7.0,0,8,0.9,0,0,0,0.0,45
José,Reina,0,0,22,720,18,10.0,231.8,0.0,2,137,24.2,0,0,1,0.8,42
Mbwana,Samatta,1,0,22,660,18,93.3,66.4,185.0,2,64,34.7,0,0,0,0.3,52
Borja,González Tomás,0,0,2,16,2,1.7,0.2,2.0,0,5,0.4,0,0,0,0.0,53
Steve,Cook,1,0,47,2107,43,50.0,510.4,132.0,5,336,69.6,3,1,6,0.2,50
Nathan,Aké,2,2,78,2464,45,92.6,681.6,326.0,6,493,110.0,4,0,2,6.4,48
Charlie,Daniels,0,0,3,126,2,29.6,22.4,0.0,0,18,5.2,0,0,0,0.1,42
Chris,Mepham,1,0,27,911,19,20.8,276.8,138.0,2,165,43.7,1,0,1,0.6,43
Simon,Francis,0,0,16,964,21,64.4,263.8,72.0,1,161,40.2,1,1,3,0.0,44
Adam,Smith,0,1,47,1965,39,174.2,297.2,97.0,3,296,56.7,4,0,7,0.4,43
Lloyd,Kelly,0,0,6,278,9,27.0,34.4,6.0,0,42,6.7,1,0,1,0.1,44
Diego,Rico,0,3,70,1973,32,419.3,468.6,73.0,8,378,96.5,6,0,6,7.2,42
Jack,Simpson,0,0,4,238,6,12.7,33.6,18.0,0,33,6.4,0,0,0,8.2,39
Callum,Wilson,8,3,100,2616,49,350.9,377.4,749.0,8,299,146.9,4,0,9,4.2,74
Joshua,King,5,4,83,1779,33,370.6,373.4,448.0,8,265,118.9,4,0,0,3.3,61
Dominic,Solanke,0,2,47,1396,34,167.8,112.4,420.0,0,88,69.9,1,0,1,0.3,51
Sam,Surridge,0,0,1,15,1,0.3,0.2,2.0,0,3,0.3,0,0,0,0.6,43
Asmir,Begovic,0,0,0,0,0,0.0,0.0,0.0,0,0,0.0,0,0,0,0.7,42
Artur,Boruc,0,0,0,0,0,0.0,0.0,0.0,0,0,0.0,0,0,0,0.2,42
Mark,Travers,0,0,1,90,3,0.0,15.2,0.0,0,9,1.5,0,0,0,0.2,42
Ryan,Fraser,1,5,73,2061,34,627.1,355.6,440.0,2,305,141.9,4,0,2,2.4,68
David,Brooks,0,0,9,296,9,65.1,28.8,17.0,0,26,11.1,1,0,1,0.1,61
Junior,Stanislas,1,0,22,498,14,129.7,88.8,162.0,0,83,38.2,1,0,0,0.0,58
Jordon,Ibe,0,0,2,48,1,5.4,6.8,0.0,0,10,1.2,0,0,0,0.1,46
Lewis,Cook,0,1,38,1290,29,169.7,184.6,66.0,0,179,42.0,2,0,4,0.0,50
Andrew,Surman,0,0,6,234,6,25.5,23.6,8.0,0,28,5.6,0,0,1,0.0,47
Dan,Gosling,3,1,49,1047,18,112.3,295.0,219.0,1,163,62.5,2,0,2,0.1,48
Jefferson,Lerma,1,2,57,2351,44,173.6,386.4,131.0,2,330,68.8,4,1,11,0.1,48
Jack,Stacey,0,2,35,1277,22,138.9,280.0,82.0,4,216,50.2,1,0,2,0.1,43
Philip,Billing,1,1,63,2280,38,207.4,512.8,302.0,5,325,102.4,5,0,7,0.2,49
Arnaut,Danjuma Groeneveld,0,1,23,580,11,81.7,57.0,139.0,0,54,27.4,2,0,0,0.0,58
Aaron,Ramsdale,0,1,108,2970,56,14.0,825.6,0.0,10,594,83.9,5,0,0,3.2,45
Harry,Wilson,7,1,88,1577,31,240.3,371.0,614.0,7,289,122.5,2,0,2,1.5,57
Christian,Saydee,0,0,0,0,0,0.0,0.0,0.0,0,0,0.0,0,0,0,0.0,45
Gavin,Kilkenny,0,0,0,0,0,0.0,0.0,0.0,0,0,0.0,0,0,0,0.0,45
Mihai-Alexandru,Dobre,0,0,0,0,0,0.0,0.0,0.0,0,0,0.0,0,0,0,0.0,44
Shane,Duffy,1,0,43,1228,18,29.6,280.2,100.0,1,224,41.0,3,0,2,0.9,48
Martín,Montoya,0,1,62,1812,28,337.6,331.0,175.0,3,307,84.7,6,0,5,0.5,43
Bernardo,Fernandes da Silva Junior,0,0,20,568,12,59.5,129.2,92.0,3,109,28.1,1,0,1,0.1,43
Leon,Balogun,0,0,0,0,0,0.0,0.0,0.0,0,0,0.0,0,0,0,0.0,43
Gaëtan,Bong,0,0,3,57,3,27.9,16.0,6.0,0,15,5.0,0,0,0,0.1,42
Lewis,Dunk,3,3,116,2870,43,149.4,736.8,446.0,15,613,133.3,8,0,9,11.9,48
Matthew,Clarke,0,0,0,0,0,0.0,0.0,0.0,0,0,0.0,0,0,0,0.0,43
Glenn,Murray,1,0,30,709,10,46.2,58.0,205.0,0,57,30.6,2,0,0,0.7,54
Jürgen,Locadia,0,0,3,85,1,1.3,3.2,30.0,0,5,3.3,1,0,0,0.1,52
Florin,Andone,1,0,5,71,2,11.3,45.0,21.0,1,20,7.6,0,1,0,0.3,47
Mathew,Ryan,0,0,122,3060,47,0.0,933.6,0.0,13,683,93.4,8,0,0,11.7,47
David,Button,0,0,0,0,0,0.0,0.0,0.0,0,0,0.0,0,0,0,19.0,39
Pascal,Groß,2,5,73,1643,28,846.8,371.4,309.0,7,318,152.4,3,0,3,0.4,62
Alireza,Jahanbakhsh,2,1,26,284,3,60.5,90.2,106.0,2,86,25.7,1,0,0,0.1,58
José Heriberto,Izquierdo Mena,0,0,0,0,0,0.0,0.0,0.0,0,0,0.0,0,0,0,0.0,54
Anthony,Knockaert,0,0,0,0,0,0.0,0.0,0.0,0,0,0.0,0,0,0,0.0,53
Yves,Bissouma,0,0,28,997,12,103.5,182.4,88.0,0,164,37.4,3,0,2,0.0,50
Davy,Pröpper,1,2,73,2667,41,418.6,494.6,267.0,2,424,117.8,6,0,4,0.3,48
Solomon,March,0,1,33,960,13,218.1,171.2,268.0,3,108,65.8,4,0,2,0.2,46
Beram,Kayal,0,0,0,0,0,0.0,0.0,0.0,0,0,0.0,0,0,0,0.1,43
Dale,Stephens,0,1,56,2224,39,274.7,393.0,89.0,1,363,75.7,5,0,7,1.5,44
Leandro,Trossard,5,5,97,1770,29,545.0,393.8,468.0,9,338,140.3,3,0,0,0.4,58
Dan,Burn,0,0,72,2597,39,282.7,529.2,120.0,0,422,93.1,8,0,5,0.2,45
Adam,Webster,3,1,79,2308,37,149.5,621.0,204.0,7,459,97.6,4,0,3,0.5,44
Neal,Maupay,9,2,114,2480,33,310.7,463.6,1412.0,18,308,218.4,7,0,3,1.8,57
Aaron,Mooy,2,2,75,1885,27,591.7,417.2,284.0,9,318,129.2,6,1,1,0.5,47
Aaron,Connolly,2,3,52,1103,17,89.4,116.2,439.0,3,120,63.4,5,0,0,2.6,42
Tudor,Baluta,0,0,0,0,0,0.0,0.0,0.0,0,0,0.0,0,0,0,0.2,40
Steven,Alzate,0,0,33,1181,18,214.1,202.0,205.0,0,183,62.3,3,0,1,0.1,45
Ezequiel,Schelotto,0,0,9,357,7,12.7,38.4,65.0,0,40,11.4,0,0,2,0.7,40
Tariq,Lamptey,0,1,15,346,5,28.8,50.6,9.0,0,76,8.9,2,0,2,1.0,40
Alexis,Mac Allister,0,0,8,229,5,60.9,25.0,44.0,0,28,13.1,0,0,0,0.0,55
Ben,Mee,1,2,110,2880,45,105.8,658.8,362.0,6,549,112.9,13,0,7,1.2,50
James,Tarkowski,2,2,128,3060,46,134.0,822.2,356.0,13,624,131.4,14,0,10,4.0,52
Matthew,Lowton,0,1,48,1530,31,181.7,294.2,15.0,1,270,49.2,6,0,2,0.4,42
Phil,Bardsley,0,1,62,1530,15,97.6,277.6,86.0,2,286,46.3,8,0,4,0.3,43
Charlie,Taylor,0,1,81,1825,17,241.9,360.8,19.0,5,362,62.4,10,0,3,3.0,43
Kevin,Long,0,0,10,202,1,0.2,62.8,0.0,0,46,6.3,1,0,0,0.1,43
Ben,Gibson,0,0,0,0,0,0.0,0.0,0.0,0,0,0.0,0,0,0,2.2,39
Ashley,Barnes,6,0,61,1350,21,85.1,226.2,474.0,6,161,75.9,8,0,4,2.1,61
Chris,Wood,11,1,111,2114,29,250.5,459.8,931.0,16,303,162.8,10,0,1,0.9,61
Matej,Vydra,2,1,35,720,6,98.8,136.6,244.0,3,98,48.1,5,0,0,0.1,52
Nick,Pope,0,0,157,3060,46,30.3,781.6,2.0,23,712,81.3,14,0,0,20.4,50
Joe,Hart,0,0,0,0,0,0.0,0.0,0.0,0,0,0.0,0,0,0,1.0,42
Johann Berg,Gudmundsson,1,0,21,399,4,156.8,83.2,92.0,1,68,33.1,3,0,0,0.4,59
Dwight,McNeil,2,7,114,2979,44,796.9,578.8,369.0,6,471,174.5,15,0,5,0.8,60
Robbie,Brady,1,2,29,395,10,87.2,105.6,86.0,0,104,27.9,1,0,1,0.0,55
Steven,Defour,0,0,0,0,0,0.0,0.0,0.0,0,0,0.0,0,0,0,0.0,55
Jeff,Hendrick,2,2,67,1930,30,213.7,269.8,282.0,4,197,76.5,10,0,8,0.1,54
Ashley,Westwood,2,7,108,2790,35,690.6,522.6,129.0,10,496,134.3,14,0,9,0.7,55
Jack,Cork,0,0,70,2614,41,198.2,313.2,311.0,0,301,82.4,12,0,1,0.2,49
Aaron,Lennon,0,0,15,485,15,37.8,45.0,12.0,0,51,9.6,0,0,4,0.1,46
Erik,Pieters,0,3,58,1542,31,207.6,283.6,51.0,7,284,53.9,5,0,1,4.0,42
Jay,Rodriguez,7,2,86,1695,31,114.2,386.6,629.0,6,256,112.0,6,0,1,0.4,57
Bailey,Peacock-Farrell,0,0,0,0,0,0.0,0.0,0.0,0,0,0.0,0,0,0,0.1,43
Mace,Goodridge,0,0,0,0,0,0.0,0.0,0.0,0,0,0.0,0,0,0,0.0,45
Anthony,Driscoll-Glennon,0,0,0,0,0,0.0,0.0,0.0,0,0,0.0,0,0,0,0.0,39
Abd-Al-Ali Morakinyo Olaposi,Koiki,0,0,0,0,0,0.0,0.0,0.0,0,0,0.0,0,0,0,0.0,40
Josh,Brownhill,0,0,13,451,6,25.5,50.6,18.0,0,58,9.4,3,0,1,0.0,48
Jimmy,Dunne,0,0,0,0,0,0.0,0.0,0.0,0,0,0.0,0,0,0,0.0,40
Bobby,Thomas,0,0,0,0,0,0.0,0.0,0.0,0,0,0.0,0,0,0,0.0,40
Max,Thompson,0,0,1,2,0,0.0,0.0,0.0,0,3,0.0,0,0,0,0.0,45
Lukas,Jensen,0,0,0,0,0,0.0,0.0,0.0,0,0,0.0,0,0,0,0.0,40
Josh,Benson,0,0,0,0,0,0.0,0.0,0.0,0,0,0.0,0,0,0,0.0,45
Marcos,Alonso,4,3,81,1128,12,325.3,357.0,319.0,8,308,100.0,5,0,4,3.2,61
Antonio,Rüdiger,2,0,48,1395,18,54.2,331.4,181.0,3,273,56.7,3,0,3,0.7,60
César,Azpilicueta,2,6,115,2869,45,605.5,813.0,394.0,13,614,181.5,6,0,0,8.4,60
Emerson,Palmieri dos Santos,0,0,18,1020,21,298.4,207.6,225.0,0,179,73.1,1,0,3,0.7,54
Andreas,Christensen,0,0,34,1706,31,70.1,350.2,96.0,0,317,51.7,3,0,5,0.8,48
Davide,Zappacosta,0,0,0,0,0,0.0,0.0,0.0,0,0,0.0,0,0,0,0.2,42
Olivier,Giroud,5,1,51,744,11,108.3,207.6,392.0,5,172,70.4,4,0,0,2.6,66
Kepa,Arrizabalaga,0,0,83,2700,39,0.0,466.0,0.0,0,459,46.5,7,0,0,4.4,54
Willy,Caballero,0,0,7,360,7,0.0,80.0,0.0,0,49,8.0,0,0,0,0.2,48
Willian,Borges Da Silva,9,8,159,2357,28,1034.1,799.6,872.0,26,652,270.8,9,0,4,11.2,73
Pedro,Rodríguez Ledesma,1,2,31,654,12,227.1,161.4,349.0,1,124,73.8,2,0,1,1.2,68
Ruben,Loftus-Cheek,0,1,7,120,3,21.2,27.2,25.0,0,18,7.0,0,0,0,0.1,59
Callum,Hudson-Odoi,1,4,46,782,12,310.8,206.8,323.0,3,176,83.8,2,0,1,0.4,51
Ross,Barkley,1,5,57,993,11,314.5,246.0,350.0,5,182,90.9,5,0,0,1.7,56
Jorge Luiz,Frello Filho,4,3,82,2019,32,391.4,547.0,156.0,9,478,109.8,4,0,10,2.8,49
N'Golo,Kanté,3,0,57,1730,25,424.5,422.8,214.0,2,294,106.3,3,0,4,3.6,50
Ethan,Ampadu,0,0,0,0,0,0.0,0.0,0.0,0,0,0.0,0,0,0,0.0,43
Christian,Pulisic,8,6,107,1464,25,366.5,481.6,947.0,8,330,179.5,4,0,0,11.0,73
Mateo,Kovacic,1,3,61,1801,32,439.4,458.6,186.0,6,416,108.2,2,0,7,0.9,53
Kurt,Zouma,0,0,49,1983,29,34.6,441.6,158.0,1,348,63.0,5,0,5,1.5,47
Tammy,Abraham,14,6,144,2069,30,280.9,622.6,1205.0,20,433,210.1,7,0,2,14.7,74
Michy,Batshuayi,1,2,28,224,8,42.9,61.8,185.0,1,59,28.3,0,0,0,0.5,66
Robert Kenedy,Nunes do Nascimento,0,0,0,0,0,0.0,0.0,0.0,0,0,0.0,0,0,0,0.0,52
Mason,Mount,6,5,121,2678,38,743.7,579.6,952.0,8,468,227.7,8,0,3,13.8,61
Reece,James,0,2,53,1246,16,319.9,284.2,127.0,5,303,73.3,4,0,1,0.7,49
Fikayo,Tomori,1,0,48,1291,18,68.6,335.4,79.0,7,271,48.5,4,0,3,1.5,42
Billy,Gilmour,0,0,9,191,3,55.3,31.4,5.0,0,41,9.1,1,0,0,0.3,42
Addji Keaninkin Marc-Israel,Guehi,0,0,0,0,0,0.0,0.0,0.0,0,0,0.0,0,0,0,0.1,39
Faustino,Anjorin,0,0,1,19,0,1.2,0.0,9.0,0,1,1.0,0,0,0,0.0,45
Armando,Broja,0,0,1,4,0,0.3,0.0,0.0,0,2,0.0,0,0,0,0.0,45
Patrick,van Aanholt,3,2,107,2334,34,496.1,500.6,238.0,12,502,123.6,8,0,0,5.6,56
James,Tomkins,1,1,48,1582,23,27.7,384.0,121.0,4,260,53.3,3,0,5,0.2,50
Mamadou,Sakho,0,0,9,727,17,14.6,141.6,6.0,0,114,16.3,0,1,0,0.1,50
Joel,Ward,0,1,72,2020,29,96.2,358.0,40.0,8,351,49.6,7,0,4,1.6,43
Scott,Dann,0,1,46,904,7,32.9,192.0,155.0,3,196,38.0,5,0,0,0.2,43
Martin,Kelly,0,1,64,1547,16,96.5,305.4,15.0,4,288,41.7,6,0,0,15.5,41
Christian,Benteke,2,1,43,1162,16,247.7,230.4,546.0,1,138,102.1,5,0,4,0.5,57
Connor,Wickham,1,1,15,90,2,34.5,59.8,64.0,2,48,15.8,0,0,0,1.8,43
Vicente,Guaita,0,0,128,2790,35,0.0,726.0,0.0,16,579,72.5,10,0,1,1.7,49
Wayne,Hennessey,0,0,7,270,8,0.0,110.4,0.0,0,58,11.0,0,0,0,0.6,42
Wilfried,Zaha,4,6,113,2919,39,529.2,536.8,928.0,4,327,199.7,9,0,4,8.4,66
Luka,Milivojevic,3,1,78,2341,34,476.4,434.6,183.0,9,362,109.4,7,0,10,1.9,67
Andros,Townsend,1,1,41,989,18,177.8,199.0,92.0,0,172,46.9,3,0,0,0.9,56
Max,Meyer,0,0,22,630,11,66.6,67.4,99.0,0,65,23.1,1,0,1,0.1,52
Jeffrey,Schlupp,2,1,40,856,12,95.3,198.0,233.0,3,121,52.7,4,0,2,0.1,54
James,McArthur,0,4,85,2816,33,410.2,535.8,383.0,2,385,133.1,11,0,6,0.6,52
Cheikhou,Kouyaté,1,2,81,2303,31,160.8,362.6,269.0,4,271,79.1,10,0,2,0.2,49
Luke,Dreher,0,0,0,0,0,0.0,0.0,0.0,0,0,0.0,0,0,0,0.1,43
James,McCarthy,0,0,36,1361,23,207.1,221.8,65.0,0,171,49.4,2,0,7,0.8,43
Jordan,Ayew,9,2,121,2814,38,366.4,545.2,828.0,19,405,173.6,12,0,6,8.2,52
Gary,Cahill,0,1,70,2167,35,40.0,448.4,342.0,4,395,83.4,7,0,1,1.5,44
Víctor,Camarasa,0,0,1,5,0,0.1,0.2,0.0,0,3,0.0,0,0,0,0.1,45
Jairo,Riedewald,0,0,18,692,9,40.0,104.0,25.0,0,99,16.9,0,0,0,0.0,45
Stephen,Henderson,0,0,0,0,0,0.0,0.0,0.0,0,0,0.0,0,0,0,0.4,40
Sam,Woods,0,0,0,0,0,0.0,0.0,0.0,0,0,0.0,0,0,0,0.2,39
Tyrick,Mitchell,0,0,1,7,1,0.4,1.0,0.0,0,2,0.1,0,0,0,0.1,40
Brandon,Pierrick,0,0,2,13,0,21.0,6.4,2.0,0,7,2.9,0,0,0,0.0,45
James,Daly,0,0,0,0,0,0.0,0.0,0.0,0,0,0.0,0,0,0,0.0,45
Nya,Kirby,0,0,0,0,0,0.0,0.0,0.0,0,0,0.0,0,0,0,0.0,45
Giovanni,McGregor,0,0,0,0,0,0.0,0.0,0.0,0,0,0.0,0,0,0,0.0,45
Nikola,Tavares,0,0,0,0,0,0.0,0.0,0.0,0,0,0.0,0,0,0,0.0,40
Alex,Iwobi,1,0,48,1495,29,347.5,236.6,320.0,2,213,90.4,3,0,0,0.9,56
Lucas,Digne,0,8,112,2691,43,1018.4,662.2,263.0,16,585,194.5,8,0,4,11.9,58
Yerry,Mina,2,1,77,2251,37,87.2,532.4,422.0,8,409,104.1,5,0,3,2.0,53
Michael,Keane,2,0,79,2196,35,67.1,545.8,196.0,6,413,81.1,6,0,1,2.1,52
Seamus,Coleman,0,1,52,1625,23,132.9,281.0,136.0,2,287,55.1,5,1,3,1.1,53
Leighton,Baines,0,1,12,335,6,97.5,73.8,5.0,0,78,17.7,0,0,0,0.2,49
Cenk,Tosun,2,0,24,462,6,63.4,89.0,229.0,1,86,37.7,2,0,0,0.1,57
Dominic,Calvert-Lewin,13,1,120,2331,38,236.5,553.6,1190.0,15,383,196.7,7,0,8,10.1,63
Jordan,Pickford,0,0,105,3060,49,3.0,681.2,0.0,5,560,68.2,8,0,2,6.3,52
Maarten,Stekelenburg,0,0,0,0,0,0.0,0.0,0.0,0,0,0.0,0,0,0,7.2,39
Richarlison,de Andrade,12,5,153,2756,45,469.1,771.4,1158.0,13,485,240.0,8,0,6,8.8,82
Gylfi,Sigurdsson,2,3,84,2271,39,701.6,406.4,449.0,7,348,155.8,5,0,3,2.4,73
Bernard,Anício Caldeira Duarte,3,2,67,1154,10,327.2,296.2,230.0,6,223,85.1,8,0,2,0.6,64
Theo,Walcott,1,3,49,1058,14,213.2,149.4,455.0,1,133,82.0,3,0,1,0.4,62
Tom,Davies,1,1,51,1699,28,114.4,231.8,261.0,3,192,60.7,4,0,7,0.1,53
Ademola,Lookman,0,0,0,0,0,0.0,0.0,0.0,0,0,0.0,0,0,0,0.0,50
Idrissa,Gueye,0,0,0,0,0,0.0,0.0,0.0,0,0,0.0,0,0,0,0.0,50
Morgan,Schneiderlin,0,0,18,998,20,78.5,143.2,32.0,0,132,25.5,1,1,4,0.5,44
Fabian,Delph,0,0,24,1187,24,146.7,183.0,24.0,2,202,35.4,2,1,3,0.2,53
André Filipe,Tavares Gomes,0,0,26,1187,16,122.0,108.0,26.0,0,135,25.1,4,0,6,0.3,52
Lewis,Gibson,0,0,0,0,0,0.0,0.0,0.0,0,0,0.0,0,0,0,0.1,42
Mason,Holgate,0,4,70,2037,34,63.9,461.0,152.0,6,409,67.9,5,0,5,2.7,44
Jonas,Lössl,0,0,0,0,0,0.0,0.0,0.0,0,0,0.0,0,0,0,0.2,42
Moise,Kean,1,2,43,717,12,100.8,103.2,337.0,3,102,53.4,1,0,1,1.4,63
Jean-Philippe,Gbamin,0,0,4,135,0,6.3,20.0,0.0,0,14,2.6,1,0,0,0.0,48
Djibril,Sidibé,0,4,66,1696,29,319.4,432.2,121.0,9,351,87.2,4,0,3,0.6,50
Beni,Baningime,0,0,0,0,0,0.0,0.0,0.0,0,0,0.0,0,0,0,0.0,45
Anthony,Gordon,0,1,13,315,2,85.7,58.6,28.0,1,48,17.1,0,0,0,0.1,45
Oumar,Niasse,0,0,3,19,2,1.8,7.0,0.0,0,1,0.9,0,0,0,0.0,45
Rhu-endly,Martina,0,0,0,0,0,0.0,0.0,0.0,0,0,0.0,0,0,0,0.1,40
João Manuel,Neves Virgínia,0,0,0,0,0,0.0,0.0,0.0,0,0,0.0,0,0,0,0.0,40
Jarrad,Branthwaite,0,0,0,0,0,0.0,0.0,0.0,0,0,0.0,0,0,0,0.0,40
Ricardo Domingos,Barbosa Pereira,3,2,123,2520,27,446.5,738.0,235.0,11,568,141.9,10,0,1,8.0,62
Benjamin,Chilwell,3,3,114,2374,26,545.4,546.0,208.0,8,501,130.0,9,0,3,8.1,55
Jonny,Evans,1,2,127,3024,32,98.3,713.2,321.0,12,671,113.4,12,0,5,6.2,53
Christian,Fuchs,0,0,26,680,6,50.7,136.8,20.0,2,131,20.8,2,0,0,0.4,42
Çaglar,Söyüncü,1,1,123,2970,31,78.2,748.2,236.0,12,676,106.5,12,0,4,16.3,50
Wes,Morgan,0,0,9,160,1,0.7,45.8,36.0,0,35,8.2,0,0,0,0.6,41
Jamie,Vardy,22,6,195,2672,29,337.2,955.4,1138.0,33,719,242.3,10,0,2,28.8,98
Kelechi,Iheanacho,5,4,61,820,9,174.8,269.8,533.0,7,196,97.6,3,0,1,0.6,57
Kasper,Schmeichel,0,0,148,3060,32,20.0,823.2,2.0,10,658,84.6,12,0,2,13.9,54
Eldin,Jakupovic,0,0,0,0,0,0.0,0.0,0.0,0,0,0.0,0,0,0,0.1,42
Danny,Ward,0,0,0,0,0,0.0,0.0,0.0,0,0,0.0,0,0,0,0.2,42
James,Maddison,6,5,125,2624,26,1246.4,642.4,702.0,14,548,259.2,10,0,4,13.3,73
Harvey,Barnes,6,10,126,1881,18,475.0,498.4,784.0,9,377,175.9,8,0,0,2.5,60
Rachid,Ghezzal,0,0,0,0,0,0.0,0.0,0.0,0,0,0.0,0,0,0,0.0,51
Marc,Albrighton,0,3,35,770,10,284.7,180.0,94.0,1,170,55.9,3,0,2,0.2,51
Demarai,Gray,1,4,36,529,5,182.3,159.4,182.0,0,117,52.2,1,0,1,0.3,50
Wilfred,Ndidi,2,1,77,2332,23,240.7,556.8,192.0,5,394,99.1,11,0,5,1.7,50
Matty,James,0,0,1,5,0,0.1,0.4,0.0,0,3,0.1,0,0,0,0.2,43
Daniel,Amartey,0,0,0,0,0,0.0,0.0,0.0,0,0,0.0,0,0,0,0.3,42
Nampalys,Mendy,0,0,10,268,3,39.1,50.8,9.0,0,67,9.9,1,0,0,0.8,43
Hamza,Choudhury,1,1,32,792,11,68.0,175.2,83.0,0,144,32.6,3,1,2,0.7,43
Ayoze,Pérez,7,5,117,1768,18,398.4,497.4,686.0,9,361,158.4,8,0,0,5.0,60
Ryan,Bennett,0,0,24,723,10,35.8,122.4,16.0,0,126,17.4,2,0,2,0.3,48
James,Justin,0,1,29,650,5,112.8,165.2,30.0,0,134,30.8,3,0,1,0.6,47
Youri,Tielemans,3,6,108,2502,27,650.3,500.0,417.0,5,467,156.8,11,0,2,3.8,61
Andy,King,0,0,0,0,0,0.0,0.0,0.0,0,0,0.0,0,0,0,0.4,42
Dennis,Praet,1,3,51,1040,12,134.7,181.4,199.0,3,194,51.2,2,0,2,0.1,52
Filip,Benkovic,0,0,0,0,0,0.0,0.0,0.0,0,0,0.0,0,0,0,0.0,39
Andrew,Robertson,1,9,156,2751,24,820.4,698.8,319.0,16,734,184.0,13,0,2,17.6,70
Trent,Alexander-Arnold,3,14,195,2967,26,1285.7,928.0,391.0,21,841,260.5,14,0,4,42.6,78
Virgil,van Dijk,4,2,165,3060,26,146.0,836.6,396.0,13,746,137.7,15,0,1,44.2,65
Joseph,Gomez,0,0,89,1639,9,90.2,325.2,10.0,7,407,42.6,12,0,5,4.2,53
Joel,Matip,1,0,39,703,5,23.0,198.2,39.0,4,167,26.2,3,0,0,1.1,52
Dejan,Lovren,0,1,18,776,11,28.1,196.6,72.0,0,147,29.8,0,0,1,0.2,53
Roberto,Firmino,8,8,139,2723,20,579.7,656.0,1543.0,18,523,278.0,16,0,0,10.8,94
Divock,Origi,3,3,55,626,11,125.0,169.4,203.0,6,193,49.5,2,0,1,2.4,51
Alisson,Ramses Becker,0,1,116,2183,17,10.0,462.4,0.0,11,513,47.4,13,1,0,9.6,62
Simon,Mignolet,0,0,0,0,0,0.0,0.0,0.0,0,0,0.0,0,0,0,0.0,45
Mohamed,Salah,19,9,223,2603,20,753.7,1010.2,1916.0,26,646,367.9,16,0,1,35.8,125
Sadio,Mané,16,9,200,2453,22,706.2,900.6,1082.0,26,601,269.0,12,0,3,22.3,123
Alex,Oxlade-Chamberlain,3,0,62,1332,9,264.2,237.0,369.0,2,218,86.4,8,0,1,0.6,61
Xherdan,Shaqiri,1,0,14,174,2,46.7,47.8,37.0,0,51,13.2,1,0,0,0.2,63
Adam,Lallana,1,1,27,371,5,68.8,107.2,74.0,1,97,25.1,1,0,1,0.1,57
Naby,Keita,1,3,41,607,4,217.3,212.6,130.0,3,169,56.2,5,0,1,0.3,58
Fabio Henrique,Tavares,2,2,67,1803,20,300.9,375.2,75.0,7,359,75.2,6,0,6,1.2,54
Jordan,Henderson,4,5,116,2234,14,425.9,582.6,275.0,11,530,128.5,16,0,2,1.8,53
Georginio,Wijnaldum,3,0,94,2616,22,275.8,380.4,341.0,5,426,99.7,12,0,0,2.1,54
James,Milner,2,2,46,810,7,141.4,214.4,100.0,3,177,45.6,4,0,4,0.5,53
Rafael,Camacho,0,0,0,0,0,0.0,0.0,0.0,0,0,0.0,0,0,0,0.0,45
Rhian,Brewster,0,0,0,0,0,0.0,0.0,0.0,0,0,0.0,0,0,0,0.4,42
Adrián,San Miguel del Castillo,0,0,27,873,10,0.0,131.4,0.0,0,136,13.2,2,0,1,2.0,40
Andy,Lonergan,0,0,0,0,0,0.0,0.0,0.0,0,0,0.0,0,0,0,0.0,42
Caoimhin,Kelleher,0,0,0,0,0,0.0,0.0,0.0,0,0,0.0,0,0,0,0.0,44
Harvey,Elliott,0,0,2,7,0,1.7,1.8,0.0,0,6,0.4,0,0,0,0.0,45
Curtis,Jones,1,0,8,24,0,4.3,37.0,22.0,0,27,6.2,0,0,0,0.0,45
Neco,Williams,0,0,3,76,1,26.5,23.8,45.0,0,13,9.5,0,0,1,0.2,40
Nathaniel,Phillips,0,0,0,0,0,0.0,0.0,0.0,0,0,0.0,0,0,0,0.0,39
Takumi,Minamino,0,0,7,146,1,13.4,8.6,43.0,0,12,6.2,0,0,0,0.1,59
Ki-Jana,Hoever,0,0,0,0,0,0.0,0.0,0.0,0,0,0.0,0,0,0,0.0,40
Aymeric,Laporte,0,0,39,843,5,52.3,168.8,46.0,0,208,26.6,5,0,1,3.6,63
Kyle,Walker,1,2,86,2104,24,313.5,352.4,157.0,4,460,82.5,9,0,5,12.2,56
Benjamin,Mendy,0,2,62,1352,13,371.9,228.2,94.0,3,324,69.7,7,0,3,1.4,55
Oleksandr,Zinchenko,0,0,46,1206,14,339.0,213.6,100.0,1,272,65.4,6,1,0,2.4,52
John,Stones,0,0,30,994,15,50.8,177.4,66.0,0,208,29.5,3,0,0,1.0,53
Nicolás,Otamendi,2,1,80,1620,20,63.8,425.4,319.0,6,377,80.7,7,0,3,2.4,48
Danilo Luiz,da Silva,0,0,0,0,0,0.0,0.0,0.0,0,0,0.0,0,0,0,0.0,50
Sergio,Agüero,16,6,132,1449,18,256.4,641.2,1188.0,14,509,208.2,5,0,1,12.2,117
Gabriel Fernando,de Jesus,11,6,114,1699,14,355.0,598.8,1311.0,11,406,226.0,8,0,3,4.4,97
Ederson,Santana de Moraes,0,0,112,2711,30,16.0,554.4,0.0,2,559,56.9,13,1,3,12.9,60
Claudio,Bravo,0,0,11,346,7,0.0,57.8,0.0,0,69,5.8,1,0,0,0.3,47
Raheem,Sterling,14,5,157,2363,30,661.8,693.8,1529.0,14,503,288.5,10,0,5,16.5,117
Kevin,De Bruyne,11,21,223,2547,22,1712.2,1153.4,911.0,32,867,377.9,15,0,3,52.6,108
Leroy,Sané,0,0,1,11,0,1.1,0.0,11.0,0,2,1.0,0,0,0,0.2,91
Riyad,Mahrez,10,12,158,1760,14,808.6,745.8,970.0,17,609,252.5,9,0,0,10.3,86
Bernardo Mota,Veiga de Carvalho e Silva,5,7,102,1791,24,669.1,549.0,861.0,6,459,207.7,7,0,5,8.1,76
David,Silva,5,11,122,1621,14,679.2,552.8,825.0,12,474,205.6,10,0,0,4.4,73
Phil,Foden,4,2,57,637,6,238.7,257.6,293.0,4,205,79.0,3,0,0,6.2,54
Fernando,Luiz Rosa,0,1,51,2241,26,133.9,531.2,163.0,1,365,82.9,10,2,7,0.7,51
Ilkay,Gündogan,2,1,61,1900,28,580.9,386.0,373.0,4,363,134.1,6,0,7,1.2,52
José Ángel,Esmorís Tasende,0,1,11,422,7,164.0,92.6,58.0,1,94,31.6,0,0,1,0.1,46
Rodrigo,Hernandez,3,1,81,2252,26,466.6,544.8,171.0,5,473,118.1,12,0,8,1.3,53
João Pedro Cavaco,Cancelo,0,0,34,1025,11,234.2,229.0,99.0,3,242,56.2,3,0,3,0.8,51
Eric,Garcia,0,0,25,539,6,9.8,97.8,0.0,0,125,10.7,3,0,0,0.6,45
Scott,Carson,0,0,0,0,0,0.0,0.0,0.0,0,0,0.0,0,0,0,0.1,40
Taylor,Harwood-Bellis,0,0,0,0,0,0.0,0.0,0.0,0,0,0.0,0,0,0,0.0,40
Cole,Palmer,0,0,0,0,0,0.0,0.0,0.0,0,0,0.0,0,0,0,0.0,45
Tommy,Doyle,0,0,1,15,0,2.0,3.8,7.0,0,3,1.3,0,0,0,0.0,45
Aaron,Wan-Bissaka,0,4,114,2755,31,414.2,684.8,111.0,15,594,121.2,10,0,6,19.7,55
Harry,Maguire,1,0,110,3060,33,189.7,706.8,353.0,5,608,125.4,11,0,4,11.5,53
Chris,Smalling,0,0,0,0,0,0.0,0.0,0.0,0,0,0.0,0,0,0,0.1,52
Ashley,Young,0,0,24,953,10,316.6,155.6,18.0,0,158,49.1,2,0,5,0.3,54
Victor,Lindelöf,1,0,100,2732,29,70.1,494.8,79.0,7,536,64.3,10,0,5,1.1,53
Luke,Shaw,0,0,65,1656,14,318.1,336.4,185.0,2,368,83.8,8,0,7,0.9,54
Marcos,Rojo,0,0,3,121,2,1.9,20.2,6.0,0,9,2.8,0,0,1,0.1,48
Eric,Bailly,0,0,9,148,1,1.0,32.0,0.0,0,40,3.3,1,0,0,0.1,48
José Diogo,Dalot Teixeira,0,0,4,65,1,4.3,10.4,6.0,0,10,1.9,0,0,0,0.1,49
Matteo,Darmian,0,0,0,0,0,0.0,0.0,0.0,0,0,0.0,0,0,0,0.0,49
Phil,Jones,0,0,2,135,3,3.0,21.4,23.0,0,22,4.7,0,0,0,0.1,47
Romelu,Lukaku,0,0,0,0,0,0.0,0.0,0.0,0,0,0.0,0,0,0,0.3,85
Marcus,Rashford,15,7,155,2291,26,506.2,779.2,1108.0,27,583,239.4,7,0,2,19.8,90
Mason,Greenwood,9,1,88,993,11,163.3,399.4,436.0,14,368,99.5,4,0,0,24.3,47
David,de Gea,0,0,124,3060,33,0.0,594.0,0.0,7,550,59.2,11,0,2,11.8,53
Sergio,Romero,0,0,0,0,0,0.0,0.0,0.0,0,0,0.0,0,0,0,0.2,46
Lee,Grant,0,0,0,0,0,0.0,0.0,0.0,0,0,0.0,0,0,0,0.1,47
Paul,Pogba,1,4,42,870,7,378.7,260.6,182.0,2,190,82.2,4,0,0,3.8,83
Anthony,Martial,15,6,168,2265,24,352.3,724.2,1134.0,11,453,221.3,12,0,1,19.9,83
Alexis,Sánchez,0,0,0,0,0,0.0,0.0,0.0,0,0,0.0,0,0,0,0.4,68
Jesse,Lingard,0,0,25,882,14,261.8,71.4,260.0,0,73,59.1,1,0,3,0.7,63
Juan,Mata,0,2,38,747,8,293.9,109.2,130.0,2,139,53.4,4,0,1,0.4,61
Daniel,James,3,6,94,2275,28,428.1,415.2,622.0,2,306,146.0,7,0,4,5.0,57
Frederico,Rodrigues de Paula Santos,0,0,49,2130,25,542.3,430.0,260.0,0,356,123.4,6,0,8,0.3,51
Angel,Gomes,0,0,2,19,1,24.8,4.2,2.0,0,7,3.1,0,0,0,0.1,47
Andreas,Pereira,1,3,60,1478,16,432.1,245.6,343.0,1,198,102.3,6,0,3,0.4,48
Nemanja,Matic,0,2,47,1281,10,224.1,281.8,53.0,2,232,55.9,9,0,2,0.4,48
Scott,McTominay,3,2,69,1693,19,235.7,406.8,310.0,6,291,95.2,2,0,2,1.0,48
Tahith,Chong,0,0,3,34,0,1.1,1.4,6.0,0,6,0.7,0,0,0,0.5,43
James,Garner,0,0,1,8,1,2.8,2.2,0.0,0,3,0.5,0,0,0,0.2,43
Axel,Tuanzebe,0,0,7,187,3,6.2,17.6,0.0,0,30,2.4,0,0,0,0.1,44
Brandon,Williams,1,1,41,808,9,167.1,155.4,92.0,1,176,41.5,4,0,5,3.1,39
Bruno Miguel,Borges Fernandes,7,6,94,839,4,363.3,472.4,291.0,15,296,112.7,7,0,1,28.2,90
Odion,Ighalo,0,0,9,86,0,23.2,23.0,117.0,0,19,16.2,0,0,0,0.4,61
Matt,Ritchie,1,1,57,971,12,336.8,202.6,186.0,5,220,72.5,7,0,3,0.9,53
Fabian,Schär,2,1,54,1489,33,56.1,412.6,171.0,2,277,64.0,4,0,4,1.2,50
DeAndre,Yedlin,1,0,25,880,17,96.9,156.0,43.0,0,116,29.8,1,0,3,0.1,44
Federico,Fernández,2,2,93,2257,34,64.0,644.2,212.0,13,446,91.9,7,0,5,3.4,46
Paul,Dummett,0,0,44,1227,20,63.1,265.2,50.0,4,230,37.7,5,0,2,0.2,43
Javier,Manquillo,0,1,58,1327,16,97.1,204.8,40.0,4,255,34.3,7,0,4,0.2,43
Florian,Lejeune,2,0,24,440,10,12.6,132.0,81.0,1,88,22.5,1,0,0,0.0,43
Jamaal,Lascelles,1,0,73,1990,29,28.0,384.0,123.0,3,350,53.6,8,0,4,5.6,43
Ciaran,Clark,2,0,49,1186,14,14.9,331.4,128.0,2,216,47.6,4,0,3,0.2,43
Yoshinori,Muto,0,0,9,207,7,15.4,12.6,12.0,0,25,3.7,0,0,0,0.1,51
Jose Luis,Mato Sanmartín,0,0,0,0,0,0.0,0.0,0.0,0,0,0.0,0,0,0,0.0,50
Martin,Dubravka,0,0,131,3060,50,0.0,937.8,0.0,7,653,93.9,10,0,0,2.2,51
Karl,Darlow,0,0,0,0,0,0.0,0.0,0.0,0,0,0.0,0,0,0,0.1,43
Frederick,Woodman,0,0,0,0,0,0.0,0.0,0.0,0,0,0.0,0,0,0,0.8,39
Miguel,Almirón,4,2,100,2686,41,382.4,431.4,662.0,5,314,147.4,11,0,5,0.8,58
Christian,Atsu,0,3,37,738,15,186.7,121.4,55.0,0,104,36.3,3,0,2,0.1,53
Sung-yueng,Ki,0,0,4,135,6,39.8,17.8,0.0,0,18,5.8,0,0,0,0.0,47
Jonjo,Shelvey,6,1,94,1758,26,505.0,502.0,279.0,15,382,128.9,7,0,2,1.0,49
Sean,Longstaff,1,2,43,1329,24,216.9,229.6,154.0,0,182,60.1,2,1,2,0.3,50
Isaac,Hayden,1,4,72,2200,35,227.6,368.6,189.0,3,308,78.5,8,1,4,3.6,44
Danny,Rose,0,0,39,1512,25,214.9,265.8,44.0,0,251,52.7,4,0,6,1.3,53
Joelinton Cássio,Apolinário de Lira,2,2,74,2578,42,409.0,320.0,617.0,3,227,134.5,9,0,7,1.0,55
Jack,Colback,0,0,0,0,0,0.0,0.0,0.0,0,0,0.0,0,0,0,0.1,43
Jacob,Murphy,0,0,0,0,0,0.0,0.0,0.0,0,0,0.0,0,0,0,0.0,47
Jetro,Willems,2,2,64,1492,24,196.0,345.4,198.0,6,283,74.1,3,0,0,0.6,43
Rolando,Aarons,0,0,0,0,0,0.0,0.0,0.0,0,0,0.0,0,0,0,0.0,48
Allan,Saint-Maximin,3,5,84,1562,16,366.6,387.6,470.0,7,293,122.4,7,0,0,3.0,55
Emil,Krafth,0,1,29,824,19,26.9,142.0,38.0,2,147,20.8,2,0,0,0.1,43
Andy,Carroll,0,4,32,581,9,151.7,135.6,184.0,0,90,47.4,2,0,1,0.1,54
Matthew,Longstaff,2,0,26,568,10,51.4,102.0,49.0,2,101,20.3,1,0,1,0.1,45
Dwight,Gayle,2,2,37,554,10,68.9,134.8,206.0,5,107,40.8,3,0,2,0.5,50
Robert,Elliot,0,0,0,0,0,0.0,0.0,0.0,0,0,0.0,0,0,0,0.1,40
Thomas,Allan,0,0,0,0,0,0.0,0.0,0.0,0,0,0.0,0,0,0,0.0,45
Kelland,Watts,0,0,0,0,0,0.0,0.0,0.0,0,0,0.0,0,0,0,0.1,39
Liam,Gibson,0,0,0,0,0,0.0,0.0,0.0,0,0,0.0,0,0,0,0.1,40
Nabil,Bentaleb,0,0,12,512,12,84.8,77.6,4.0,0,77,16.6,1,0,2,0.0,48
Valentino,Lazaro,1,0,14,340,8,76.1,73.8,34.0,0,61,18.4,0,1,0,0.0,53
Jack,Young,0,0,0,0,0,0.0,0.0,0.0,0,0,0.0,0,0,0,0.0,45
Timm,Klose,0,0,6,360,7,1.8,77.8,42.0,0,47,12.1,0,0,0,0.0,43
Ben,Godfrey,0,0,37,2284,50,55.4,524.0,94.0,0,404,67.7,3,1,3,0.2,44
Maximillian,Aarons,0,2,63,2880,59,366.9,506.0,237.0,3,439,111.1,5,0,7,1.4,43
Christoph,Zimmermann,0,1,35,1295,21,15.5,312.2,62.0,1,234,39.1,3,0,2,0.0,44
Jamal,Lewis,1,0,45,1941,44,208.9,380.2,110.0,3,332,70.0,3,0,4,0.3,44
Grant,Hanley,0,0,23,1261,25,3.6,318.8,76.0,1,214,40.0,2,0,4,1.9,41
Teemu,Pukki,11,3,134,2729,54,376.3,543.0,1183.0,21,436,209.7,6,0,3,11.9,64
Dennis,Srbeny,1,0,13,41,2,3.4,44.2,25.0,1,50,7.0,0,0,0,0.0,52
Tim,Krul,0,0,101,2880,56,0.0,910.0,0.0,10,591,91.0,5,0,4,2.4,46
Michael,McGovern,0,0,11,158,6,0.0,65.0,0.0,2,46,6.5,0,0,0,5.2,41
Mario,Vrancic,1,0,25,533,12,105.4,123.0,115.0,1,107,34.5,0,0,3,0.1,62
Emiliano,Buendía,1,7,94,2336,49,1155.6,693.8,382.0,12,461,223.5,3,0,5,0.7,60
Onel,Hernández,1,2,44,1056,22,207.3,189.2,376.0,0,149,77.1,1,0,0,0.1,53
Marco,Stiepermann,0,0,28,1018,27,161.5,99.4,257.0,0,84,51.7,1,0,5,0.1,50
Kenny,McLean,1,1,70,2683,55,386.0,471.8,266.0,0,386,112.4,5,0,5,0.1,48
Todd,Cantwell,6,2,105,2228,46,475.1,494.0,634.0,10,386,159.5,6,0,5,14.5,45
Moritz,Leitner,0,0,16,683,16,127.7,106.8,53.0,0,102,28.8,1,0,1,0.2,43
Alexander,Tettey,1,1,61,2081,37,111.5,334.4,155.0,3,366,60.2,5,0,5,0.3,44
Tom,Trybull,0,0,28,1128,25,55.4,198.2,92.0,0,172,34.7,2,0,2,0.6,43
Josip,Drmic,1,0,26,511,10,64.4,55.0,231.0,0,67,34.7,0,0,0,0.1,53
Patrick,Roberts,0,0,3,24,2,0.6,4.4,0.0,0,12,0.5,0,0,0,0.0,50
Ralf,Fahrmann,0,0,1,21,1,0.0,4.0,0.0,0,6,0.4,0,0,0,0.3,44
Sam,Byram,0,0,32,1292,23,109.2,273.2,218.0,2,201,60.2,3,0,4,0.1,43
Philip,Heise,0,0,0,0,0,0.0,0.0,0.0,0,0,0.0,0,0,0,0.6,39
Ibrahim,Amadou,0,0,18,756,20,18.3,177.2,31.0,0,122,22.7,1,0,1,0.1,45
Adam,Idah,0,0,9,170,5,14.6,10.4,40.0,0,14,5.8,0,0,0,0.1,44
Archie,Mair,0,0,0,0,0,0.0,0.0,0.0,0,0,0.0,0,0,0,0.1,40
Akin,Famewo,0,0,0,0,0,0.0,0.0,0.0,0,0,0.0,0,0,0,0.1,39
Ondrej,Duda,0,1,24,723,9,261.6,115.8,105.0,0,131,48.3,3,0,0,0.1,45
Lukas,Rupp,0,0,13,480,10,78.9,47.0,82.0,0,49,20.5,1,0,1,0.0,44
Josh,Martin,0,0,2,8,0,0.4,2.4,0.0,0,6,0.3,0,0,0,0.0,45
Jordan,Thomas,0,0,0,0,0,0.0,0.0,0.0,0,0,0.0,0,0,0,0.0,40
Lys,Mousset,6,4,82,1151,14,162.3,300.0,520.0,11,251,96.9,3,0,1,2.8,44
Enda,Stevens,2,3,130,2985,33,513.7,588.6,289.0,8,587,139.3,12,0,6,3.5,51
Kieron,Freeman,0,0,2,6,0,0.3,0.0,0.0,0,5,0.0,0,0,0,0.1,42
Jack,O'Connell,0,1,102,2645,25,254.5,530.2,238.0,6,508,102.4,11,0,4,2.1,45
George,Baldock,2,4,133,3060,33,422.0,501.8,235.0,7,550,115.9,12,0,6,11.5,50
John,Egan,2,1,124,2827,27,14.7,574.2,491.0,9,533,108.0,12,1,2,4.5,46
Richard,Stearman,0,0,0,0,0,0.0,0.0,0.0,0,0,0.0,0,0,0,1.9,39
John,Lundstram,4,4,134,2269,25,360.2,439.4,412.0,15,502,121.5,10,0,5,29.4,46
Billy,Sharp,3,1,50,907,8,163.7,152.0,268.0,9,144,57.4,4,1,1,0.5,54
Jake,Eastwood,0,0,0,0,0,0.0,0.0,0.0,0,0,0.0,0,0,0,0.1,43
Mark,Duffy,0,0,0,0,0,0.0,0.0,0.0,0,0,0.0,0,0,0,0.0,52
John,Fleck,5,2,98,2350,26,614.2,506.4,419.0,13,442,154.1,8,0,7,2.8,47
Oliver,Norwood,1,3,91,2831,32,758.3,576.2,100.0,6,522,143.5,12,0,7,0.7,47
David,McGoldrick,0,2,49,1585,16,250.8,227.8,482.0,3,136,96.0,6,0,2,0.2,54
Chris,Basham,0,1,113,2956,33,181.5,625.0,97.0,6,575,90.7,12,0,4,2.2,46
Simon,Moore,0,0,3,180,6,0.0,28.0,0.0,0,23,2.8,0,0,0,0.1,43
Luke,Freeman,0,0,13,360,5,77.4,46.2,25.0,0,38,14.9,1,0,2,0.1,50
Phil,Jagielka,0,0,5,218,6,4.7,62.6,2.0,0,45,6.9,0,0,0,0.4,41
Callum,Robinson,1,2,33,669,6,72.8,79.8,156.0,1,73,30.4,2,0,1,0.2,49
Ravel,Morrison,0,0,1,12,0,0.6,0.0,4.0,0,0,0.2,0,0,0,0.1,45
Dean,Henderson,0,1,147,2880,27,10.0,636.0,18.0,15,616,66.5,12,0,2,15.9,52
Ben,Osborn,0,0,14,396,2,74.5,63.8,39.0,0,69,17.8,1,0,0,0.0,47
Oliver,McBurnie,5,0,71,1844,21,178.7,377.4,750.0,4,252,130.3,8,0,4,0.3,55
Michael,Verrips,0,0,0,0,0,0.0,0.0,0.0,0,0,0.0,0,0,0,0.1,44
Muhamed,Bešić,0,0,9,243,2,21.5,34.2,29.0,0,40,8.5,0,0,2,0.1,43
Leon,Clarke,0,0,1,13,0,0.3,0.0,4.0,0,-1,0.3,0,0,0,0.1,44
Jack,Rodwell,0,0,1,15,0,0.0,1.2,0.0,0,3,0.1,0,0,0,0.0,45
Jack,Robinson,0,0,13,414,8,30.1,87.6,2.0,2,74,12.0,1,0,0,1.1,40
Sander,Berge,1,1,32,656,6,43.2,116.8,80.0,3,102,24.2,3,0,0,0.2,47
Richairo,Zivkovic,0,0,3,61,2,28.3,9.2,22.0,0,12,6.0,0,0,0,0.0,47
Panagiotis,Retsos,0,0,0,0,0,0.0,0.0,0.0,0,0,0.0,0,0,0,0.0,45
Jannik,Vestergaard,1,0,42,1226,24,67.1,284.6,147.0,6,232,49.9,3,0,2,1.9,45
Ryan,Bertrand,1,1,66,2472,49,516.6,407.6,212.0,0,386,113.7,6,1,3,0.8,48
Yan,Valery,0,1,18,778,20,44.2,112.0,77.0,0,93,23.3,1,0,1,0.1,46
Jan,Bednarek,1,0,76,2877,54,32.9,673.0,61.0,3,493,77.1,7,0,4,0.8,44
Jack,Stephens,1,3,75,2181,36,98.0,519.2,95.0,6,378,71.3,6,1,3,2.0,44
Maya,Yoshida,0,0,10,558,18,3.7,96.8,77.0,1,85,17.7,1,0,1,0.2,41
Kayne,Ramsay,0,0,0,0,0,0.0,0.0,0.0,0,0,0.0,0,0,0,1.4,39
Charlie,Austin,0,0,0,0,0,0.0,0.0,0.0,0,0,0.0,0,0,0,0.0,60
Danny,Ings,19,2,177,2440,40,409.8,887.8,1376.0,37,657,267.2,5,0,3,27.6,74
Michael,Obafemi,2,1,34,605,11,98.6,118.6,198.0,2,117,41.3,3,0,1,0.2,49
Shane,Long,2,3,58,1290,20,262.6,181.6,513.0,4,149,96.0,4,0,0,2.1,46
Sam,Gallagher,0,0,0,0,0,0.0,0.0,0.0,0,0,0.0,0,0,0,0.0,45
Fraser,Forster,0,0,0,0,0,0.0,0.0,0.0,0,0,0.0,0,0,0,0.3,42
Alex,McCarthy,0,0,92,2160,31,10.0,572.6,0.0,8,425,58.1,6,0,0,3.6,45
Angus,Gunn,0,0,29,900,25,0.0,219.4,0.0,3,166,22.1,2,0,0,1.3,42
Nathan,Redmond,4,1,87,2403,47,448.7,401.4,635.0,6,336,148.9,6,0,2,0.7,62
James,Ward-Prowse,5,4,110,3060,56,854.3,784.0,465.0,8,536,210.7,8,0,7,1.5,57
Mohamed,Elyounoussi,0,0,0,0,0,0.0,0.0,0.0,0,0,0.0,0,0,0,0.0,52
Stuart,Armstrong,4,4,85,1507,22,235.3,359.0,373.0,9,262,96.7,6,0,4,0.5,52
Mario,Lemina,0,0,0,0,0,0.0,0.0,0.0,0,0,0.0,0,0,0,0.0,46
Pierre-Emile,Højbjerg,0,3,72,2647,50,453.0,470.0,307.0,1,399,123.1,7,0,5,0.3,48
Tyreke,Johnson,0,0,0,0,0,0.0,0.0,0.0,0,0,0.0,0,0,0,0.0,44
Callum,Slattery,0,0,0,0,0,0.0,0.0,0.0,0,0,0.0,0,0,0,0.3,44
Oriol,Romeu Vidal,0,0,44,1558,34,192.3,286.8,41.0,1,250,52.1,4,0,4,1.3,43
Kyle,Walker-Peters,0,0,19,629,9,74.1,126.4,24.0,1,124,22.5,1,0,0,0.6,44
Che,Adams,1,4,55,879,14,162.1,113.4,335.0,3,146,60.1,4,0,0,0.3,53
Moussa,Djenepo,2,2,40,920,14,153.4,224.4,252.0,3,151,62.9,2,1,4,0.1,52
Wesley,Hoedt,0,0,0,0,0,0.0,0.0,0.0,0,0,0.0,0,0,0,0.0,42
Sofiane,Boufal,0,3,34,753,17,203.7,149.4,267.0,0,99,62.0,1,0,2,0.1,55
Kevin,Danso,0,1,9,275,8,26.0,58.4,6.0,0,46,8.9,1,1,0,0.0,42
Daniel,N'Lundulu,0,0,0,0,0,0.0,0.0,0.0,0,0,0.0,0,0,0,0.1,44
Harry,Lewis,0,0,0,0,0,0.0,0.0,0.0,0,0,0.0,0,0,0,0.1,40
William,Smallbone,0,1,14,231,3,21.6,42.4,35.0,0,44,9.7,2,0,0,0.0,45
Nathan,Tella,0,0,1,2,0,0.0,3.0,17.0,0,3,2.0,0,0,0,0.0,45
Jake,Vokins,0,0,0,0,0,0.0,0.0,0.0,0,0,0.0,0,0,0,0.0,40
Alexandre,Jankewitz,0,0,0,0,0,0.0,0.0,0.0,0,0,0.0,0,0,0,0.0,45
Will,Ferry,0,0,0,0,0,0.0,0.0,0.0,0,0,0.0,0,0,0,0.0,45
Ben,Davies,0,0,31,1070,16,140.6,208.8,65.0,2,177,41.2,3,0,4,0.2,53
Jan,Vertonghen,1,1,61,1643,24,56.1,398.2,63.0,5,343,51.9,4,0,2,1.5,52
Toby,Alderweireld,1,2,79,2597,36,194.9,679.0,152.0,4,508,102.6,6,0,5,4.4,53
Davinson,Sánchez,0,2,54,2160,35,30.3,483.4,78.0,4,393,59.3,3,0,5,1.0,53
Kieran,Trippier,0,0,0,0,0,0.0,0.0,0.0,0,0,0.0,0,0,0,0.1,55
Juan,Foyth,0,0,3,66,3,12.5,18.6,0.0,0,9,3.1,0,0,1,0.0,48
Serge,Aurier,1,7,113,2339,30,487.2,614.8,232.0,15,570,133.4,8,1,1,7.8,51
Harry,Kane,13,2,122,2228,33,316.8,626.6,852.0,17,435,179.5,5,0,3,11.9,110
Vincent,Janssen,0,0,0,0,0,0.0,0.0,0.0,0,0,0.0,0,0,0,0.1,45
Hugo,Lloris,0,0,80,1448,18,0.0,465.4,0.0,11,347,46.6,5,0,0,3.9,53
Paulo,Gazzaniga,0,0,58,1612,26,10.0,449.8,0.0,6,300,46.1,2,0,1,1.6,41
Heung-Min,Son,9,11,140,2131,29,539.4,686.2,1028.0,14,463,224.8,6,2,0,7.1,97
Christian,Eriksen,2,2,48,1090,18,348.9,262.4,225.0,6,205,83.3,1,0,5,2.3,86
Bamidele,Alli,8,6,116,1835,25,328.3,526.8,627.0,12,343,148.4,4,0,2,2.9,83
Lucas,Rodrigues Moura da Silva,4,3,85,1932,26,394.9,395.4,671.0,1,266,146.0,5,0,2,3.9,71
Erik,Lamela,2,4,59,1161,12,283.1,217.6,316.0,2,201,81.5,5,0,3,1.1,57
Harry,Winks,0,0,44,1863,28,297.1,307.8,66.0,0,316,67.2,5,0,8,0.3,52
Victor,Wanyama,0,0,1,24,2,0.9,1.2,0.0,0,5,0.2,0,0,1,0.1,47
Moussa,Sissoko,2,1,60,2102,28,256.0,300.6,187.0,0,334,74.3,6,0,8,1.3,48
Eric,Dier,0,2,35,1250,22,99.6,279.0,56.0,0,162,43.7,3,0,4,0.2,48
Luke,Amos,0,0,0,0,0,0.0,0.0,0.0,0,0,0.0,0,0,0,0.0,44
Oliver,Skipp,0,0,4,57,1,1.2,12.6,0.0,0,12,1.4,0,0,0,0.6,43
Tanguy,Ndombele,2,2,45,1002,17,194.8,274.2,122.0,2,220,59.2,1,0,3,2.2,58
Troy,Parrott,0,0,2,6,0,0.1,0.2,0.0,0,6,0.0,0,0,0,0.8,43
Giovani,Lo Celso,0,1,38,1202,15,360.4,222.2,148.0,0,184,73.1,5,0,5,0.4,73
Ryan,Sessegnon,0,0,9,341,5,39.9,45.4,34.0,0,41,11.9,0,0,0,0.1,54
Georges-Kévin,Nkoudou,0,0,1,2,0,0.0,0.0,18.0,0,3,1.8,0,0,0,0.0,50
Alfie,Whiteman,0,0,0,0,0,0.0,0.0,0.0,0,0,0.0,0,0,0,0.5,40
Michel,Vorm,0,0,0,0,0,0.0,0.0,0.0,0,0,0.0,0,0,0,0.0,42
Brandon,Austin,0,0,0,0,0,0.0,0.0,0.0,0,0,0.0,0,0,0,0.2,40
Japhet,Tanganga,0,0,17,525,7,17.2,134.4,20.0,0,100,17.1,2,0,1,0.9,39
Gedson,Carvalho Fernandes,0,0,6,61,1,34.0,17.0,20.0,0,17,7.1,0,0,0,0.0,46
Steven,Bergwijn,3,0,37,615,9,147.3,150.2,145.0,5,117,44.2,2,0,1,1.1,72
Harvey,White,0,0,0,0,0,0.0,0.0,0.0,0,0,0.0,0,0,0,0.0,45
Dennis,Cirkin,0,0,0,0,0,0.0,0.0,0.0,0,0,0.0,0,0,0,0.0,40
José,Holebas,0,1,21,1022,28,208.4,171.4,62.0,0,153,44.1,2,0,5,0.7,46
Christian,Kabasele,0,2,69,1890,24,34.0,406.6,138.0,4,333,58.2,7,2,1,0.5,43
Adam,Masina,1,0,62,1587,24,170.3,329.0,83.0,4,263,58.5,6,0,3,0.4,43
Adrian,Mariappa,0,0,25,1329,29,72.1,194.4,32.0,1,176,29.2,3,1,3,0.3,42
Francisco,Femenía Far,0,0,48,1921,35,254.3,309.6,42.0,0,318,60.7,5,0,5,1.0,42
Craig,Cathcart,0,0,77,2488,37,34.8,458.0,57.0,3,441,55.1,9,0,7,3.3,43
Daryl,Janmaat,0,1,36,606,5,108.4,116.0,46.0,7,148,27.1,4,0,1,0.6,40
Marc,Navarro,0,0,0,0,0,0.0,0.0,0.0,0,0,0.0,0,0,0,0.3,39
Sebastian,Prödl,0,0,1,56,0,0.1,1.8,8.0,0,3,1.0,0,0,0,1.0,39
Troy,Deeney,6,2,80,1918,28,318.0,389.8,656.0,10,288,136.2,6,0,3,1.8,62
Gerard,Deulofeu,4,5,88,2097,33,602.3,458.4,896.0,9,330,195.4,8,0,3,1.7,61
Andre,Gray,2,1,37,717,17,123.9,106.2,281.0,2,114,50.2,0,0,1,0.4,55
Isaac,Success Ajayi,0,0,4,65,3,13.6,6.2,17.0,0,8,3.7,0,0,1,0.3,47
Ben,Foster,0,0,123,3060,53,10.1,804.2,17.0,15,614,83.4,9,0,1,4.0,49
Pontus,Dahlberg,0,0,0,0,0,0.0,0.0,0.0,0,0,0.0,0,0,0,0.1,42
Abdoulaye,Doucouré,4,3,102,2834,50,494.8,495.4,602.0,9,411,159.0,10,0,9,2.0,55
Roberto,Pereyra,3,0,57,1468,20,260.5,226.4,312.0,0,182,79.8,5,0,3,0.6,56
Will,Hughes,1,1,58,1899,35,319.2,305.8,242.0,3,224,86.7,5,0,5,0.3,53
Tom,Cleverley,1,0,28,770,19,200.7,134.4,197.0,2,129,53.3,1,0,1,0.1,48
Ken,Sema,0,0,0,0,0,0.0,0.0,0.0,0,0,0.0,0,0,0,0.0,47
Etienne,Capoue,0,4,76,2537,47,297.9,475.2,102.0,7,382,87.7,8,0,8,0.4,48
Nathaniel,Chalobah,0,1,33,884,14,114.2,155.2,53.0,2,129,32.0,2,0,1,0.2,44
Domingos,Quina,0,0,4,18,2,0.8,7.4,7.0,0,10,1.5,0,0,0,0.1,43
Craig,Dawson,2,0,57,1999,38,44.2,489.2,284.0,1,300,81.7,4,0,5,0.4,48
Danny,Welbeck,1,0,25,525,8,35.1,83.6,161.0,3,61,27.9,1,0,0,0.2,58
Heurelho da Silva,Gomes,0,0,0,0,0,0.0,0.0,0.0,0,0,0.0,0,0,0,0.2,43
Ismaïla,Sarr,5,5,91,1663,24,299.8,335.4,545.0,5,242,118.1,6,0,1,1.7,61
Dimitri,Foulquier,0,0,1,57,6,1.0,8.0,0.0,0,12,1.0,0,0,0,0.2,39
Ayotomiwa,Dele-Bashiru,0,0,0,0,0,0.0,0.0,0.0,0,0,0.0,0,0,0,0.0,45
João Pedro,Junqueira de Jesus,0,0,1,16,1,1.8,0.2,0.0,0,2,0.2,0,0,0,0.0,49
Ignacio,Pussetto,0,0,6,67,3,5.0,29.4,2.0,0,20,3.6,0,0,1,0.0,46
Adalberto,Peñaranda,0,0,0,0,0,0.0,0.0,0.0,0,0,0.0,0,0,0,0.0,45
Aaron,Cresswell,3,0,69,2473,49,397.1,497.0,170.0,5,389,106.6,4,0,7,1.4,45
Angelo,Ogbonna,2,0,69,2430,41,36.6,499.4,164.0,0,389,69.9,6,0,4,0.9,45
Arthur,Masuaku,0,1,25,908,18,126.2,233.4,53.0,3,160,41.4,2,1,3,0.4,41
Pablo,Zabaleta,0,0,10,588,14,50.5,110.4,12.0,0,90,17.4,0,0,2,0.4,41
Ryan,Fredericks,0,2,62,2055,38,316.1,447.2,62.0,5,375,82.9,6,0,6,0.4,44
Issa,Diop,3,0,60,2405,51,41.9,547.6,204.0,2,356,79.5,3,0,8,2.1,43
Fabián,Balbuena,1,0,38,1172,24,18.5,267.2,149.0,3,204,43.5,3,0,2,0.3,43
Winston,Reid,0,0,0,0,0,0.0,0.0,0.0,0,0,0.0,0,0,0,3.8,39
Ben,Johnson,0,0,0,0,0,0.0,0.0,0.0,0,0,0.0,0,0,0,2.2,40
Marko,Arnautovic,0,0,0,0,0,0.0,0.0,0.0,0,0,0.0,0,0,0,0.1,70
Javier,Hernández Balcázar,1,0,9,106,4,2.2,35.6,39.0,2,27,7.7,0,0,0,0.3,60
Alexandre Nascimento,Costa Silva,0,0,0,0,0,0.0,0.0,0.0,0,0,0.0,0,0,0,0.9,43
Lukasz,Fabianski,0,0,69,1757,31,0.0,460.0,0.0,5,352,46.1,4,0,1,2.1,49
Michail,Antonio,4,4,69,1478,28,313.1,331.8,824.0,3,166,146.7,2,0,2,1.4,69
Felipe Anderson,Pereira Gomes,1,4,65,1490,27,414.7,377.2,355.0,1,296,114.8,7,0,1,2.5,66
Manuel,Lanzini,0,3,49,1347,29,453.5,217.2,269.0,3,232,94.0,2,0,1,0.7,61
Andriy,Yarmolenko,4,1,59,919,16,261.5,249.2,315.0,8,202,82.4,3,0,2,0.8,52
Robert,Snodgrass,5,5,87,1504,33,552.1,422.2,320.0,8,312,129.7,3,0,4,0.6,50
Jack,Wilshere,0,0,7,196,5,7.0,5.0,4.0,0,14,1.4,0,0,0,0.2,46
Declan,Rice,0,3,81,3060,59,300.5,602.2,227.0,4,520,112.9,6,0,6,1.5,47
Mark,Noble,4,2,88,2333,41,361.2,443.4,152.0,6,420,95.9,6,0,5,0.8,49
Carlos,Sánchez,0,0,7,112,2,3.7,8.4,0.0,0,20,1.1,0,0,0,0.4,43
Grady,Diangana,0,0,0,0,0,0.0,0.0,0.0,0,0,0.0,0,0,0,0.1,43
Pablo,Fornals,2,5,80,1857,33,337.5,322.4,370.0,4,298,103.0,4,0,3,0.3,60
Pedro,Obiang,0,0,0,0,0,0.0,0.0,0.0,0,0,0.0,0,0,0,0.0,45
Roberto,Jimenez Gago,0,0,18,686,17,0.0,239.0,0.0,1,134,23.9,0,0,0,0.3,44
Sébastien,Haller,7,3,98,2172,40,347.3,439.0,981.0,11,318,176.0,5,0,1,2.1,68
Albian,Ajeti,0,0,9,132,3,22.9,5.2,47.0,0,16,7.3,0,0,0,0.0,56
David,Martin,0,0,20,435,6,0.0,112.0,0.0,2,86,11.2,2,0,1,3.2,39
Nathan,Holland,0,0,2,31,1,3.8,12.6,9.0,0,10,2.5,0,0,0,0.0,44
Joseph,Anang,0,0,0,0,0,0.0,0.0,0.0,0,0,0.0,0,0,0,0.1,40
Jeremy,Ngakia,0,0,8,440,8,10.7,78.0,9.0,0,48,9.8,0,0,0,0.2,40
Gonçalo Bento,Soares Cardoso,0,0,0,0,0,0.0,0.0,0.0,0,0,0.0,0,0,0,0.1,40
Bernardo,Costa Da Rosa,0,0,0,0,0,0.0,0.0,0.0,0,0,0.0,0,0,0,0.0,45
Darren,Randolph,0,0,3,180,5,0.0,49.6,0.0,0,27,4.9,0,0,0,0.1,40
Tomas,Soucek,2,0,26,679,15,54.1,181.6,232.0,2,100,46.9,0,0,0,0.2,48
Jarrod,Bowen,1,3,33,619,11,176.7,186.8,260.0,3,131,62.4,0,0,0,0.3,64
Alfie,Lewis,0,0,0,0,0,0.0,0.0,0.0,0,0,0.0,0,0,0,0.0,45
Matt,Doherty,4,6,145,2578,28,309.4,532.0,660.0,12,513,150.4,10,0,1,12.6,64
Jonathan,Castro Otto,1,3,103,2642,32,356.7,498.8,278.0,5,480,113.5,9,0,4,2.0,54
Conor,Coady,0,0,104,3060,37,68.4,510.8,0.0,7,584,57.9,11,0,4,2.3,51
Willy,Boly,0,1,82,1620,12,72.6,396.0,60.0,10,379,53.1,10,1,1,3.9,48
Rúben Gonçalo,Silva Nascimento Vinagre,0,0,24,529,6,92.2,116.0,48.0,0,116,25.4,2,0,1,0.2,41
Romain,Saïss,2,2,94,2433,31,147.1,572.8,291.0,8,471,101.2,9,1,10,5.6,47
Max,Kilman,0,0,5,184,2,1.2,35.2,0.0,0,24,3.7,0,0,0,3.4,39
Raúl,Jiménez,15,6,170,2901,34,653.5,828.0,1519.0,28,613,299.5,12,0,3,33.6,82
Diogo,Jota,6,3,96,2066,26,418.6,411.0,1066.0,12,310,189.4,9,0,3,5.4,61
Rui Pedro,dos Santos Patrício,0,0,137,3060,37,0.0,696.2,0.0,8,608,69.8,11,0,0,10.4,53
John,Ruddy,0,0,0,0,0,0.0,0.0,0.0,0,0,0.0,0,0,0,0.4,42
Will,Norris,0,0,0,0,0,0.0,0.0,0.0,0,0,0.0,0,0,0,0.7,39
Rúben Diogo,da Silva Neves,2,1,82,2725,32,355.3,448.4,268.0,4,419,107.1,11,0,9,4.4,52
João Filipe Iria,Santos Moutinho,1,7,105,2882,35,1112.7,666.0,122.0,11,575,190.6,10,0,7,4.6,54
Morgan,Gibbs-White,0,1,11,125,2,44.1,6.6,12.0,0,39,6.3,0,0,0,0.1,47
Adama,Traoré,4,9,124,2364,32,710.1,688.2,533.0,14,502,193.2,6,0,0,16.2,57
Hélder,Costa,0,0,0,0,0,0.0,0.0,0.0,0,0,0.0,0,0,0,0.0,48
Ivan,Cavaleiro,0,0,0,0,0,0.0,0.0,0.0,0,0,0.0,0,0,0,0.0,49
Leander,Dendoncker,3,0,86,2514,31,143.2,459.6,263.0,8,371,86.2,9,0,4,8.5,44
Jesús,Vallejo Lázaro,0,0,1,162,6,7.0,35.6,0.0,0,22,4.3,0,0,1,0.2,46
Patrick,Cutrone,2,0,23,292,6,35.6,85.2,155.0,0,69,27.5,1,0,0,0.4,54
Pedro,Lomba Neto,3,2,51,799,9,189.4,199.6,239.0,0,167,62.7,1,0,2,0.2,50
Bernard,Ashley-Seal,0,0,0,0,0,0.0,0.0,0.0,0,0,0.0,0,0,0,0.0,45
Taylor,Perry,0,0,0,0,0,0.0,0.0,0.0,0,0,0.0,0,0,0,0.0,45
Owen,Otasowie,0,0,0,0,0,0.0,0.0,0.0,0,0,0.0,0,0,0,0.0,45
Luke,Cundle,0,0,0,0,0,0.0,0.0,0.0,0,0,0.0,0,0,0,0.0,45
Oskar,Buur,0,0,0,0,0,0.0,0.0,0.0,0,0,0.0,0,0,0,0.1,40
Ryan,Giles,0,0,0,0,0,0.0,0.0,0.0,0,0,0.0,0,0,0,0.1,39
Bruno André,Cavaco Jordao,0,0,0,0,0,0.0,0.0,0.0,0,0,0.0,0,0,0,0.0,45
Daniel,Castelo Podence,0,0,5,44,0,27.6,10.0,40.0,0,16,7.8,0,0,0,0.0,49
Leonardo,Campana,0,0,0,0,0,0.0,0.0,0.0,0,0,0.0,0,0,0,0.0,45
