assists,games,goals,id,key_passes,npg,npxG,player_name,position,red_cards,shots,team_title,time,xA,xG,xGBuildup,xGChain,yellow_cards
5,33,23,755,32,19,14.38953946530819,Jamie Vardy,F S,0,80,Leicester,2854,6.3682975601404905,18.195383667945862,1.5489663071930408,20.442795611917973,2
2,34,20,318,25,19,14.135643204674125,Pierre-Emerick Aubameyang,F M S,1,87,Arsenal,2963,4.43407841026783,14.896775176748633,5.306766454130411,19.17826671898365,3
2,36,20,986,33,20,13.977792350575328,Danny Ings,F M S,0,88,Southampton,2656,2.7862307457253337,13.977792350575328,4.520644947886467,17.770296819508076,3
9,32,19,1250,58,16,17.927715949714184,Mohamed Salah,F,0,126,Liverpool,2800,8.579152725636959,20.211222521960735,7.921298045665026,30.570214718580246,1
5,30,17,553,28,17,12.235947616398335,Anthony Martial,F S,0,76,Manchester United,2492,4.50455910526216,12.997116334736347,6.107544746249914,19.966185826808214,1
7,29,17,556,32,11,13.292453031986952,Marcus Rashford,F M,0,92,Manchester United,2496,5.4211454298347235,19.381766960024834,5.589601086452603,19.829545764252543,2
1,31,17,618,45,17,16.26422380283475,Raheem Sterling,F M S,0,89,Manchester City,2522,6.815871397033334,17.02539264038205,9.647445030510426,29.263553619384766,5
7,33,17,838,59,17,14.520680241286755,Sadio Mané,F M S,0,76,Liverpool,2649,7.235693477094173,14.520680241286755,6.059924565255642,24.309313103556633,3
6,36,17,4105,48,13,13.269651733338833,Raúl Jiménez,F S,0,113,Wolverhampton Wanderers,3089,7.226940844208002,16.314327143132687,5.587881891988218,22.24211786687374,3
3,24,16,619,19,14,13.274030677974224,Sergio Agüero,F S,0,76,Manchester City,1462,2.9202088303864002,15.557500325143337,2.644766173325479,16.878254003822803,1
2,27,15,647,26,13,11.150228314101696,Harry Kane,F,0,77,Tottenham,2415,3.00099416077137,12.672529213130474,2.968334981240332,16.03110066242516,4
3,32,14,702,21,14,17.166076466441154,Tammy Abraham,F S,0,85,Chelsea,2198,2.9130481593310833,17.166076466441154,1.5461508873850107,19.037392858415842,2
7,32,13,5543,28,13,18.80811220034957,Gabriel Jesus,F S,0,93,Manchester City,1842,3.169097986072302,19.569281067699194,6.104572884738445,24.69981648400426,3
1,34,13,5555,15,13,15.603716751560569,Dominic Calvert-Lewin,F S,0,83,Everton,2532,1.3362248316407204,15.603716751560569,3.7916726414114237,17.070929002016783,8
18,33,12,447,117,10,6.219212437048554,Kevin De Bruyne,M S,0,94,Manchester City,2638,18.450439769774675,7.741550112143159,17.792790073901415,34.82517072558403,3
1,30,12,4456,18,11,15.504072204232216,Chris Wood,F S,0,58,Burnley,2288,0.7614079006016254,16.265241011977196,2.4037271877750754,11.655428182333708,1
3,34,12,6026,34,12,9.655864868313074,Richarlison,F M,0,84,Everton,2920,6.66813437640667,9.655864868313074,4.762999847531319,15.910372657701373,7
10,28,11,453,40,11,8.725663508288562,Son Heung-Min,F M S,2,78,Tottenham,2339,6.691805433481932,9.486832465045154,6.019364915788174,18.10638517141342,0
3,35,11,7696,30,9,9.698477521538734,Teemu Pukki,F S,0,79,Norwich,2828,3.6190154179930687,11.2208152115345,2.368442302569747,14.447935845702887,3
9,31,10,750,59,9,7.416188133880496,Riyad Mahrez,F M S,0,68,Manchester City,1873,10.973885694518685,8.17735699750483,12.820593181997538,26.90753562003374,0
4,28,10,3277,24,10,8.66464820317924,Alexandre Lacazette,F S,0,52,Arsenal,1738,3.3422909155488014,8.66464820317924,2.5056346226483583,12.061301652342081,7
2,35,10,3621,21,9,11.772515820339322,Neal Maupay,F S,0,92,Brighton,2615,1.938917382620275,13.29485347494483,3.2250702586025,12.882689584046602,3
3,22,9,531,26,9,11.807602336630225,Michail Antonio,F M S,0,63,West Ham,1638,3.9214953761547804,11.807602336630225,2.270155580714345,13.449027862399817,2
2,25,9,574,27,5,6.452236630022526,Troy Deeney,F S,0,41,Watford,2094,3.2835708875209093,10.258080817759037,2.352875060401857,10.541898844763637,3
1,35,9,672,26,9,7.4036679323762655,Jordan Ayew,F M,0,55,Crystal Palace,3016,2.301572024822235,7.4036679323762655,3.7596456054598093,11.40291864424944,6
7,35,9,700,76,5,4.726276867091656,Willian,F M S,0,70,Chelsea,2547,8.679427238181233,7.770952213555574,9.808898326009512,17.626254566013813,4
1,29,9,7490,12,9,3.1153694167733192,Mason Greenwood,F M S,0,35,Manchester United,1134,0.8928411761298776,3.1153694167733192,4.010508457198739,7.542388375848532,0
1,33,8,468,28,8,9.358748152852058,Callum Wilson,F S,0,48,Bournemouth,2736,3.2790394257754087,9.358748152852058,2.644802587106824,12.10102253779769,10
7,36,8,482,49,8,16.281193803995848,Roberto Firmino,F M S,0,97,Liverpool,2923,7.114392073825002,16.281193803995848,9.463312279433012,27.633801728487015,0
4,24,8,645,23,7,7.15432577393949,Dele Alli,F M S,0,42,Tottenham,1854,3.4838604610413313,7.915494641289115,6.692906078882515,16.530975185334682,2
4,31,8,770,28,7,5.642685513943434,Ayoze Pérez,F M S,0,44,Leicester,1954,4.091643614694476,6.403854351490736,4.141816036775708,12.364419398829341,0
1,34,8,844,6,7,7.02860355284065,Jay Rodriguez,F S,0,57,Burnley,1815,0.768310897052288,7.789772449992597,1.218731189146638,6.538598378188908,1
3,23,8,2662,28,8,8.49166526645422,Christian Pulisic,F M S,0,59,Chelsea,1627,3.552495999261737,8.49166526645422,5.943533869460225,15.142514154314995,0
6,34,7,675,88,7,5.8154056295752525,Jack Grealish,F M,0,68,Aston Villa,3055,7.244406819343567,6.576574482023716,9.120290517807007,17.660197108983994,8
7,12,7,1228,27,4,2.848049908876419,Bruno Fernandes,M,0,41,Manchester United,1032,2.5913832299411297,5.13155647367239,4.149834491312504,7.55749898776412,1
0,29,7,5596,14,7,3.9898892855271697,Harry Wilson,F M S,0,51,Bournemouth,1629,2.2177436221390963,3.9898892855271697,4.155847582966089,7.726125929504633,2
1,30,7,6144,24,7,8.371047714725137,Sébastien Haller,F S,0,55,West Ham,2197,2.3431185195222497,8.371047714725137,2.5707907043397427,10.97400924935937,1
1,32,7,6854,29,7,11.957151386886835,Diogo Jota,F M S,0,68,Wolverhampton Wanderers,2225,2.6425623558461666,11.957151386886835,4.077217688784003,16.06861935183406,3
0,16,6,502,7,6,6.138065237551928,Olivier Giroud,F S,0,35,Chelsea,870,1.3216296583414078,6.138065237551928,2.3567660972476006,8.424621351063251,0
1,24,6,769,41,6,2.1815228704363108,Jonjo Shelvey,M S,0,42,Newcastle United,1956,3.7661700528115034,2.1815228704363108,4.841293253004551,7.354197499342263,3
0,34,6,1736,10,6,7.89414846431464,Oliver McBurnie,F S,0,48,Sheffield United,2007,1.13500355463475,7.89414846431464,3.564212668687105,9.637109933421016,4
4,30,6,1748,12,6,6.072983540594578,Lys Mousset,F S,0,37,Sheffield United,1220,3.612106991931796,6.072983540594578,2.463755715638399,9.62127878330648,1
7,32,6,3635,47,6,7.290496319532394,Bernardo Silva,F M S,0,51,Manchester City,1928,6.114588212221861,7.290496319532394,14.177537400275469,23.02682987600565,5
0,19,6,4422,5,5,5.755758501589298,Ashley Barnes,F S,0,40,Burnley,1386,0.3088205009698868,6.516927354037762,1.5740792136639357,5.060966618359089,4
8,34,6,6681,34,6,8.333213152363896,Harvey Barnes,F M S,0,59,Leicester,1994,4.053886793553829,8.333213152363896,6.184881595894694,16.64347716793418,0
3,31,6,6818,79,6,5.0217749159783125,James Maddison,M S,0,74,Leicester,2632,5.768516240641475,5.0217749159783125,8.763976752758026,14.379001699388027,4
2,35,6,7695,35,6,5.607654399238527,Todd Cantwell,M S,0,40,Norwich,2357,2.212070718407631,5.607654399238527,3.4713853020220995,10.532253961078823,6
4,35,6,7768,48,6,6.9440464861691,Mason Mount,F M S,0,75,Chelsea,2742,4.622613191604614,6.9440464861691,8.476277677342296,15.817946385592222,3
3,24,5,465,27,3,4.210193298757076,Joshua King,F M S,0,24,Bournemouth,1872,3.7328536733984947,5.7325309962034225,2.957951618358493,8.18322441726923,0
10,26,5,617,48,5,6.3212579898536205,David Silva,M S,0,41,Manchester City,1758,7.540162201970816,6.3212579898536205,11.483201012015343,22.883286133408546,0
3,18,5,620,13,5,5.777002941817045,Kelechi Iheanacho,F M S,0,33,Leicester,887,2.4977250955998898,5.777002941817045,1.12694594822824,8.58179534226656,1
3,36,5,843,57,4,4.462955454364419,James Ward-Prowse,D M,0,54,Southampton,3240,5.588165679946542,6.746462056413293,8.44718311354518,12.246889484114945,8
5,24,5,1691,33,5,2.3865075511857867,Robert Snodgrass,F M S,0,21,West Ham,1522,3.732901037670672,2.3865075511857867,3.524154720827937,6.512247741222382,4
5,29,5,5656,35,4,4.275245446711779,Nicolas Pepe,F M S,0,49,Arsenal,1917,4.402068041265011,5.0364142544567585,4.6198641285300255,10.671473369002342,4
3,26,5,5675,21,5,5.8142764661461115,Ismaila Sarr,F M S,0,40,Watford,1858,3.11136054713279,5.8142764661461115,2.4008109401911497,9.832191739231348,1
3,28,5,6893,17,5,3.0166029799729586,Stuart Armstrong,M S,0,44,Southampton,1592,1.943627011962235,3.0166029799729586,3.373161893337965,7.33680865354836,4
3,30,5,7698,40,5,4.815677201375365,Leandro Trossard,F M S,0,38,Brighton,1928,4.5172149091959,4.815677201375365,4.605777183547616,11.43800638243556,0
2,28,5,7709,37,5,3.248101874254644,John Fleck,M S,0,31,Sheffield United,2395,3.343098307028413,3.248101874254644,5.2154452027752995,10.110362341627479,8
1,32,5,7722,20,5,5.184044141322374,Trézéguet,F M S,1,46,Aston Villa,1775,0.9371760301291943,5.184044141322374,2.6114314906299114,6.520582111552358,2
1,21,5,7724,11,5,6.509389266371727,Wesley,F,0,36,Aston Villa,1806,0.8836160395294428,7.270558223128319,2.6747646359726787,8.00793587975204,3
3,36,4,522,36,4,4.727260395884514,Wilfried Zaha,F M S,0,57,Crystal Palace,3096,3.6458559473976493,4.727260395884514,4.491696558892727,11.42822296358645,5
3,31,4,533,35,1,0.49031952302902937,Mark Noble,M S,0,17,West Ham,2529,2.8215874722227454,2.773826020769775,7.914596416056156,9.860896022990346,5
5,28,4,591,43,3,5.452063657343388,Gerard Deulofeu,F M S,0,63,Watford,2137,4.786341346800327,6.213232520967722,3.6732959151268005,11.513658057898283,4
5,30,4,605,27,4,1.1846888158470392,Jordan Henderson,M S,0,20,Liverpool,2254,4.108062040060759,1.1846888158470392,12.152118895202875,15.858563289046288,2
3,30,4,790,36,4,4.706478388980031,Nathan Redmond,F M,0,55,Southampton,2601,3.5097996341064572,4.706478388980031,5.38229422736913,12.302107592113316,2
1,36,4,833,7,4,2.387604780495167,Virgil van Dijk,D,0,28,Liverpool,3240,1.1334363408386707,2.387604780495167,14.052293663844466,14.688283558934927,1
9,35,4,900,47,4,3.410640435293317,Adama Traoré,F M S,0,41,Wolverhampton Wanderers,2473,7.410797310993075,3.410640435293317,5.594875211827457,14.774840481579304,0
2,29,4,1389,22,1,0.8134975954890251,Jorginho,M S,0,12,Chelsea,2211,2.894575239159167,3.097004123032093,13.745678942650557,14.649319931864738,10
2,16,4,1621,23,4,2.4768495624884963,Marcos Alonso,D M S,0,28,Chelsea,1256,2.5217735022306442,2.4768495624884963,5.939391985535622,8.920389994978905,4
2,35,4,1726,36,4,5.12120421603322,Abdoulaye Doucouré,M S,0,59,Watford,3019,3.6324830735102296,5.12120421603322,6.730025313794613,12.960027681663632,8
2,33,4,3293,32,4,5.51309728436172,Lucas Moura,F M S,0,55,Tottenham,2091,2.7892646491527557,5.51309728436172,2.723600883036852,9.412781912833452,2
4,33,4,5612,30,3,5.620191336609423,Anwar El Ghazi,F M S,0,53,Aston Villa,2081,2.8772015031427145,6.381360174156725,2.2102841325104237,8.016558893024921,3
2,21,4,6055,16,4,2.39785991050303,Phil Foden,F M S,0,24,Manchester City,749,1.3603401686996222,2.39785991050303,4.955110639333725,7.3330287002027035,0
1,21,4,6274,19,4,2.5744279213249683,Andriy Yarmolenko,M S,0,24,West Ham,937,3.426018500700593,2.5744279213249683,1.9087780695408583,6.850768957287073,2
2,34,4,6852,19,4,6.475066763348877,Matt Doherty,D M S,0,33,Wolverhampton Wanderers,2688,1.4032398900017142,6.475066763348877,6.717003574594855,13.218754881992936,1
0,36,4,7236,9,4,2.6380439000204206,Leander Dendoncker,D M S,0,20,Wolverhampton Wanderers,2613,0.7169408379122615,2.6380439000204206,8.167884349822998,9.324083178304136,4
2,34,4,7420,30,4,7.674025429412723,Miguel Almirón,F M S,0,54,Newcastle United,2899,2.884579325094819,7.674025429412723,3.9384935908019543,13.807708589360118,5
3,32,4,7708,20,4,5.037278127856553,John Lundstram,M S,0,42,Sheffield United,2339,3.437319077551365,5.037278127856553,4.840255346149206,10.545742647722363,5
4,24,3,101,33,3,2.9425169471651316,Allan Saint-Maximin,M S,0,46,Newcastle United,1768,4.3318116925656796,2.9425169471651316,4.220441270619631,9.606444347649813,0
1,22,3,462,10,3,2.9046902656555176,Dan Gosling,M S,0,12,Bournemouth,1164,1.3691747784614563,2.9046902656555176,1.4419021494686604,3.7618733756244183,3
1,26,3,484,8,3,2.060586066916585,Divock Origi,F S,0,12,Liverpool,611,0.8253554403781891,2.060586066916585,0.8181045688688755,3.4843286219984293,1
0,30,3,534,26,3,1.0325381252914667,Aaron Cresswell,D,0,18,West Ham,2662,3.006656665354967,1.0325381252914667,4.86561437509954,6.809092842042446,7
2,29,3,730,32,2,1.2791739702224731,Patrick van Aanholt,D,0,27,Crystal Palace,2517,3.5544371623545885,2.0403428077697754,4.3872483698651195,5.900496690534055,0
2,18,3,743,6,3,4.124528720974922,Dwight Gayle,F S,0,19,Newcastle United,704,0.8900679210200906,4.124528720974922,1.8203764744102955,5.052682317793369,2
0,22,3,751,27,3,1.5439129555597901,N&#039;Golo Kanté,M S,0,18,Chelsea,1733,1.5202719774097204,1.5439129555597901,4.837984517216682,7.209238461218774,4
0,35,3,771,17,3,2.5644722301512957,Georginio Wijnaldum,M S,0,34,Liverpool,2821,0.7836845219135284,2.5644722301512957,10.133016783744097,12.75495607033372,0
3,27,3,782,33,3,1.0977275781333447,Ben Chilwell,D M,0,16,Leicester,2382,3.5355270877480507,1.0977275781333447,8.04045776091516,10.088156981393695,3
0,28,3,966,16,3,2.3277616444975138,Alex Oxlade-Chamberlain,F M S,0,38,Liverpool,1435,0.8862772416323423,2.3277616444975138,2.6307728458195925,5.498352563008666,1
0,26,3,1723,18,2,1.9393574539572,Roberto Pereyra,F M S,0,19,Watford,1477,1.326257356442511,2.7005263213068247,1.2545397970825434,4.006151952780783,3
12,36,3,1791,84,3,3.045039542019367,Trent Alexander-Arnold,D S,0,44,Liverpool,3092,10.74876980111003,3.045039542019367,13.192014131695032,20.231653118506074,5
2,33,3,2496,30,3,0.7147458773106337,Rodri,D M S,0,22,Manchester City,2349,2.789676010608673,0.7147458773106337,20.299909910187125,21.67008661851287,8
1,30,3,3203,4,3,1.7952629122883081,Issa Diop,D S,0,16,West Ham,2587,1.8018111288547516,1.7952629122883081,3.136933546513319,3.3617249093949795,8
2,28,3,3303,27,3,1.2652331655845046,Ricardo Pereira,D M,0,18,Leicester,2520,4.018951584585011,1.2652331655845046,8.115902204066515,11.059817846864462,1
1,30,3,5549,28,1,0.973377994261682,Luka Milivojevic,M S,0,31,Crystal Palace,2516,1.7085100403055549,2.4957156693562865,3.986329460516572,4.5046228766441345,12
1,26,3,5560,16,3,2.0219828691333532,Scott McTominay,M S,0,29,Manchester United,1770,1.4312139973044395,2.0219828691333532,4.453569738194346,5.719030223786831,2
6,33,3,5595,26,3,3.603131093084812,Daniel James,F M S,0,42,Manchester United,2291,4.264184528961778,3.603131093084812,5.398974547162652,11.158989392220974,4
6,35,3,5956,46,3,2.654173983260989,Youri Tielemans,M S,0,54,Leicester,2700,4.918490290641785,2.654173983260989,10.859702748246491,16.622940585017204,2
3,34,3,6048,12,3,3.639726348221302,Lewis Dunk,D,0,30,Brighton,3053,1.1003775196149945,3.639726348221302,8.205051208846271,8.350945540703833,9
2,34,3,6122,16,3,2.277795437723398,Douglas Luiz,M S,0,38,Aston Villa,2422,1.9837847240269184,2.277795437723398,3.190142884850502,5.343110321089625,7
3,27,3,6382,13,3,1.8934477604925632,Pedro Neto,F M S,0,17,Wolverhampton Wanderers,854,2.6171496557071805,1.8934477604925632,4.652863252907991,7.689651545137167,2
1,19,3,6504,9,3,2.154612448066473,Michael Obafemi,F S,0,12,Southampton,652,0.8717588931322098,2.154612448066473,0.5151654873043299,2.530205374583602,1
2,26,3,7063,23,3,1.6975654624402523,Bernard,M S,0,12,Everton,1250,2.2511498518288136,1.6975654624402523,2.876162006519735,6.400433141738176,2
1,29,3,7699,10,3,1.539364131167531,Adam Webster,D,0,14,Brighton,2488,1.0943768145516515,1.539364131167531,5.994183547794819,6.232342500239611,3
1,23,3,7712,13,3,3.7466330407187343,Billy Sharp,F S,1,15,Sheffield United,944,2.1261228900402784,3.7466330407187343,1.037148229777813,4.536055366508663,1
5,25,3,7721,35,3,1.628339322283864,Conor Hourihane,M S,0,29,Aston Villa,1394,5.442102417349815,1.628339322283864,3.080759344622493,5.773789655417204,4
2,26,3,7723,34,3,3.5061808275058866,John McGinn,M S,0,49,Aston Villa,2143,2.417267072945833,3.5061808275058866,5.160660957917571,9.221819709986448,3
0,14,3,7752,2,3,2.2424834556877613,Gabriel Martinelli,M S,0,12,Arsenal,643,0.11354188434779644,2.2424834556877613,0.639907656237483,2.9959330298006535,1
0,11,3,8288,4,3,2.4183740243315697,Tomas Soucek,M S,0,20,West Ham,862,0.327940471470356,2.4183740243315697,2.117857050150633,3.805223673582077,0
1,12,3,8300,13,3,1.1783158108592033,Steven Bergwijn,F M S,0,9,Tottenham,660,1.1285143066197634,1.1783158108592033,1.4037167243659496,2.955224387347698,2
0,22,2,76,4,2,1.0595882823690772,Fabian Schär,D M S,0,20,Newcastle United,1675,0.1013798899948597,1.0595882823690772,1.8653056677430868,2.578661961480975,5
2,36,2,87,28,2,6.031041044741869,Joelinton,F M S,0,50,Newcastle United,2670,3.0722519904375076,6.031041044741869,4.801288228482008,11.992281148210168,7
4,28,2,239,57,2,1.4200760470703244,Pascal Groß,F M S,0,27,Brighton,1750,5.850119572132826,1.4200760470703244,6.019404185935855,8.298597009852529,3
1,30,2,314,34,1,2.7959044091403484,Ilkay Gündogan,M S,0,31,Manchester City,1965,2.919196378439665,4.318205261602998,15.15846548229456,19.145312760025263,7
0,19,2,371,2,2,1.450504781678319,Sokratis,D,0,7,Arsenal,1698,0.7529756426811218,1.450504781678319,4.342151601798832,4.342151601798832,6
1,16,2,461,27,2,0.6840132363140583,Matt Ritchie,D M S,0,24,Newcastle United,1141,1.6756061352789402,1.4451821092516184,1.350418332964182,2.652508297935128,3
0,13,2,463,10,1,1.0536808660253882,Junior Stanislas,D M S,0,16,Bournemouth,611,0.8121227854862809,1.8148497184738517,1.5099702421575785,2.101235951296985,1
2,20,2,489,9,0,0.6423958018422127,James Milner,D M S,0,12,Liverpool,784,0.9003418125212193,2.1647335067391396,5.564356759190559,6.451781138777733,4
2,23,2,503,15,2,3.1666374690830708,Theo Walcott,M S,0,29,Everton,1163,2.601019576191902,3.1666374690830708,2.428788857534528,7.054335174150765,1
0,29,2,528,2,2,1.2523219417780638,Angelo Ogbonna,D,0,12,West Ham,2610,0.070139704272151,1.2523219417780638,2.733740957453847,2.8652294874191284,4
2,29,2,579,7,2,3.051247041672468,Nathan Aké,D,0,25,Bournemouth,2503,1.962919145822525,3.051247041672468,2.957154842093587,3.545500600710511,2
1,24,2,606,19,2,4.627831593155861,Christian Benteke,F S,1,41,Crystal Palace,1249,2.459479935467243,4.627831593155861,0.7189465072005987,6.465700821951032,4
0,24,2,611,4,2,2.054820952937007,Nicolás Otamendi,D S,0,15,Manchester City,1705,0.17758418899029493,2.054820952937007,10.601852599531412,10.639329377561808,3
2,31,2,639,11,2,0.39940014760941267,Toby Alderweireld,D,0,13,Tottenham,2779,1.22739436943084,0.39940014760941267,6.788434915244579,7.892219599336386,6
1,24,2,644,18,2,2.309972669929266,Erik Lamela,F M S,0,29,Tottenham,1180,1.0113138454034925,2.309972669929266,4.436078742146492,6.637918632477522,3
2,20,2,646,23,2,1.7644307054579258,Christian Eriksen,F M S,0,26,Tottenham,1075,2.2595173344016075,1.7644307054579258,1.7793743619695306,4.081463946029544,5
6,33,2,669,47,2,1.1751625752076507,Ashley Westwood,M,0,13,Burnley,2970,6.506592670455575,1.1751625752076507,5.073686379939318,8.115241382271051,9
6,34,2,681,44,2,2.490517718717456,César Azpilicueta,D M,0,27,Chelsea,3054,6.001467056572437,2.490517718717456,13.019108217209578,16.626504506915808,0
2,30,2,708,4,2,1.7552567105740309,Federico Fernández,D S,0,14,Newcastle United,2430,1.4652110189199448,1.7552567105740309,3.746136337518692,4.300043053925037,7
2,33,2,714,48,1,3.2333163185976446,Gylfi Sigurdsson,M S,0,45,Everton,2400,3.837650683708489,3.9944851747713983,6.4311551079154015,9.800398290157318,3
1,15,2,757,7,2,1.5436856476590037,Jeffrey Schlupp,D F M S,0,15,Crystal Palace,872,0.9487967370077968,1.5436856476590037,0.9975786209106445,3.0135249504819512,2
3,19,2,762,12,2,1.6633087638765574,Demarai Gray,M S,0,16,Leicester,525,2.0159217044711113,2.4244776014238596,1.7552896179258823,4.422508414834738,1
1,27,2,772,16,2,2.5392524152994156,Moussa Sissoko,D M S,0,15,Tottenham,2294,1.6956463251262903,2.5392524152994156,5.723716203123331,8.823057502508163,8
0,27,2,804,5,2,2.200055410154164,Craig Dawson,D S,0,25,Watford,2176,0.3374612331390381,2.200055410154164,2.8704426530748606,3.078439353965223,5
2,24,2,839,20,2,4.5295923594385386,Shane Long,F S,0,33,Southampton,1333,2.581097550690174,4.5295923594385386,0.7528521958738565,5.4092252515256405,0
0,14,2,875,1,2,0.7519120462238789,Ciaran Clark,D,0,6,Newcastle United,1192,0.05486181378364563,0.7519120462238789,2.008845856413245,2.04942443408072,3
1,17,2,1017,8,2,3.616193749010563,Matej Vydra,F S,0,17,Burnley,780,0.7459431458264589,3.616193749010563,0.5649513620883226,4.831900291144848,0
1,31,2,1024,6,2,0.9166155885905027,Tyrone Mings,D,0,8,Aston Villa,2722,0.5325955301523209,0.9166155885905027,4.909818161278963,4.953304622322321,7
0,29,2,1653,6,2,1.9425363335758448,Michael Keane,D S,0,13,Everton,2370,0.6693382374942303,1.9425363335758448,3.6457187831401825,4.244487479329109,2
0,23,2,1660,10,2,2.589537687599659,Andre Gray,F S,0,19,Watford,725,1.8659746497869492,2.589537687599659,0.2978367395699024,4.648880278691649,1
2,36,2,1665,13,2,2.5177637534216046,James Tarkowski,D,0,20,Burnley,3240,3.481399618089199,2.5177637534216046,1.9227258134633303,1.9699349869042635,10
1,31,2,1676,4,2,1.5227069612592459,David Luiz,D S,2,22,Arsenal,2665,0.7974880058318377,1.5227069612592459,8.812127243727446,9.625029515475035,5
1,30,2,1679,15,2,4.297407517209649,Dominic Solanke,F M S,0,29,Bournemouth,1532,1.0535619901493192,4.297407517209649,2.417156931012869,6.734440853819251,1
10,34,2,1688,55,2,1.81459292024374,Andrew Robertson,D S,0,22,Liverpool,2934,7.134113866835833,1.81459292024374,14.322785537689924,19.384103789925575,2
2,24,2,1746,14,2,2.102083634585142,Jeff Hendrick,M S,0,22,Burnley,1944,1.3787488536909223,2.102083634585142,2.434791434556246,4.952221877872944,8
0,18,2,1822,5,2,0.9304546974599361,Antonio Rüdiger,D S,0,12,Chelsea,1530,1.1775134578347206,0.9304546974599361,4.658334210515022,4.687846368178725,3
5,34,2,2335,19,2,2.643427435308695,Pablo Fornals,M S,0,36,West Ham,2029,2.2990531269460917,2.643427435308695,4.617062693461776,7.503918124362826,3
3,27,2,3420,19,2,0.3081015255302191,Fabinho,M S,0,12,Liverpool,1973,1.6751401172950864,0.3081015255302191,9.781379088759422,10.998848095536232,6
1,32,2,3491,12,2,3.669838863424957,Romain Saiss,D M S,1,23,Wolverhampton Wanderers,2612,1.2324710749089718,3.669838863424957,9.557376708835363,10.521784238517284,10
0,12,2,4918,2,2,2.2888070419430733,Patrick Cutrone,F S,0,11,Wolverhampton Wanderers,291,0.4840551167726517,2.2888070419430733,0,2.311261683702469,0
0,6,2,5073,1,2,0.38114709686487913,Florian Lejeune,D S,0,4,Newcastle United,442,0.051249224692583084,0.38114709686487913,0.2064840979874134,0.26894228905439377,0
1,30,2,5545,15,2,1.6594789503142238,Wilfred Ndidi,M S,0,24,Leicester,2516,0.5916656078770757,1.6594789503142238,8.522437684237957,9.479537606239319,6
2,21,2,5962,12,2,0.352954987436533,Tanguy NDombele Alvaro,M S,0,9,Tottenham,1002,0.7975045088678598,0.352954987436533,4.963011069223285,5.340641291812062,3
2,29,2,6033,38,2,2.501444313675165,Aaron Mooy,F M S,1,32,Brighton,2021,3.666778700426221,2.501444313675165,4.264197509735823,8.512601219117641,1
2,19,2,6143,16,2,0.4853102182969451,Jetro Willems,D M S,0,14,Newcastle United,1501,1.0827350770123303,0.4853102182969451,1.9653576435521245,3.2651069909334183,0
0,10,2,6477,5,2,1.9128857553005219,Cenk Tosun,F S,0,15,"Crystal Palace,Everton",467,0.6228388315066695,1.9128857553005219,0.26230287551879883,2.3203846141695976,0
0,11,2,6482,4,2,2.9835053607821465,Eddie Nketiah,F S,1,13,Arsenal,511,0.23466746788471937,2.9835053607821465,0.2064330168068409,3.2594579979777336,0
1,29,2,6521,7,2,3.0817261235788465,Yerry Mina,D S,0,30,Everton,2276,1.7176469285041094,3.0817261235788465,3.9314345410093665,4.244191146455705,3
6,36,2,6756,48,2,1.7603612951934338,Dwight McNeil,M,0,44,Burnley,3180,7.191861918196082,1.7603612951934338,3.272856054827571,9.828604748472571,5
0,9,2,6842,4,2,0.5862441807985306,Alireza Jahanbakhsh,F M S,0,12,Brighton,300,0.993284672498703,0.5862441807985306,0.7349357418715954,1.5888513885438442,0
2,36,2,6853,26,2,1.593622887507081,Rúben Neves,M S,0,59,Wolverhampton Wanderers,2927,2.5044116899371147,1.593622887507081,10.891314257867634,13.534754449501634,9
2,18,2,7701,11,2,2.2402867088094354,Moussa Djenepo,F M S,1,20,Southampton,920,2.051112972199917,2.2402867088094354,2.5700225988402963,5.601651658304036,4
0,34,2,7703,1,2,2.65664048679173,John Egan,D,1,26,Sheffield United,3013,0.45159250497817993,2.65664048679173,3.1927273720502853,3.2925856187939644,3
3,36,2,7706,20,2,0.685054199770093,George Baldock,M,0,12,Sheffield United,3240,1.4915585508570075,0.685054199770093,6.8532314114272594,8.277200188487768,7
4,36,2,7707,33,2,1.3817389011383057,Enda Stevens,M,0,19,Sheffield United,3170,5.336910913698375,1.3817389011383057,9.496054253540933,12.879341007210314,6
2,27,2,7711,17,2,8.592396253719926,David McGoldrick,F S,0,43,Sheffield United,1751,2.095128213055432,8.592396253719926,2.913032492622733,11.941923318430781,2
1,23,2,7991,6,2,3.9509664569050074,Aaron Connolly,F S,0,31,Brighton,1189,0.5620171576738358,3.9509664569050074,0.33205556124448776,3.732079131528735,0
0,9,2,8016,3,2,0.6965182088315487,Matthew Longstaff,M S,0,4,Newcastle United,564,0.18956130929291248,0.6965182088315487,0.25069454684853554,1.1064833365380764,1
0,18,1,12,7,1,1.097883801907301,Mario Vrancic,M S,0,14,Norwich,602,1.0300541585311294,1.097883801907301,1.119685409590602,1.613930300809443,3
0,17,1,111,5,1,0.6270310841500759,Jannik Vestergaard,D S,0,11,Southampton,1320,0.7267072796821594,0.6270310841500759,3.5585872139781713,3.692942788824439,2
0,2,1,191,0,1,0.8829848766326904,Chicharito,F S,0,3,West Ham,107,0,0.8829848766326904,0.07047868520021439,0.8958585262298584,0
2,29,1,204,16,1,0.5712299095466733,Granit Xhaka,M,0,11,Arsenal,2467,0.9721966329962015,0.5712299095466733,11.908202320337296,12.61900444328785,9
0,20,1,209,4,1,2.934155995026231,Josip Drmic,F S,0,14,Norwich,562,0.9491621144115925,2.934155995026231,0.24445537850260735,2.3794469460844994,0
0,9,1,332,1,1,0.3017807062715292,Joel Matip,D S,0,4,Liverpool,706,0.015664158388972282,0.3017807062715292,1.53962386213243,1.5552880205214024,0
0,27,1,458,4,1,0.5063297171145678,Steve Cook,D S,1,11,Bournemouth,2251,0.6960190739482641,0.5063297171145678,3.797908239066601,3.9237438663840294,6
1,15,1,486,4,1,0.8086850233376026,Adam Lallana,M S,0,5,Liverpool,362,0.6536715552210808,0.8086850233376026,2.3135502636432648,3.720507051795721,1
0,15,1,492,3,1,0.4325046166777611,Héctor Bellerín,D M S,0,7,Arsenal,1164,0.4499826058745384,0.4325046166777611,3.453754238784313,4.190360739827156,2
2,18,1,499,37,1,1.7082734499126673,Mesut Özil,M,0,9,Arsenal,1472,2.287408385425806,1.7082734499126673,6.210024692118168,8.399061232805252,1
0,25,1,500,24,1,2.4786294400691986,Alex Iwobi,F M S,0,23,Everton,1637,2.2246745694428682,2.4786294400691986,3.2983946353197098,7.122992746531963,0
0,16,1,501,3,1,1.874163344502449,Danny Welbeck,F M S,0,16,Watford,680,0.2354272771626711,1.874163344502449,0.230979030020535,2.025169860571623,0
1,14,1,508,7,1,0.6329495338723063,Calum Chambers,D S,0,12,Arsenal,1102,2.241443794220686,0.6329495338723063,3.210471026599407,4.406148262321949,5
1,6,1,519,3,1,1.115554228425026,Connor Wickham,S,0,3,Crystal Palace,78,0.4237448163330555,1.115554228425026,0.019518323242664337,1.451029047369957,0
1,18,1,530,2,1,1.0543269906193018,James Tomkins,D,0,9,Crystal Palace,1589,0.1189458891749382,1.0543269906193018,2.5303217004984617,2.6492675896734,5
1,33,1,532,10,1,2.084577916190028,Cheikhou Kouyaté,D M S,0,23,Crystal Palace,2402,0.7690878007560968,2.084577916190028,1.3397960038855672,3.4630213798955083,3
4,20,1,592,24,1,2.8449643328785896,Ross Barkley,M S,0,40,Chelsea,1099,2.860243557021022,2.8449643328785896,6.369961686432362,10.34183406084776,0
0,16,1,596,15,1,1.7800701409578323,Tom Cleverley,M S,0,17,Watford,858,0.7182993106544018,1.7800701409578323,2.588178955949843,4.6471445532515645,2
2,27,1,638,16,1,1.3122367281466722,Kyle Walker,D M S,0,14,Manchester City,2251,1.7171599548310041,1.3122367281466722,15.022076852619648,16.572550132870674,5
1,23,1,640,3,1,0.637748884037137,Jan Vertonghen,D M S,0,4,Tottenham,1651,1.017921805381775,0.637748884037137,3.7159959319978952,4.369382696226239,2
1,10,1,687,17,1,2.4724749960005283,Pedro,F M S,0,22,Chelsea,660,1.0707551576197147,2.4724749960005283,1.5569444578140974,4.754026403650641,1
0,15,1,703,4,1,0.562975381501019,Fikayo Tomori,D,0,7,Chelsea,1299,0.11987660080194473,0.562975381501019,4.995166843757033,5.061155995354056,3
0,16,1,727,7,1,0.7519300580024719,DeAndre Yedlin,D M S,0,1,Newcastle United,935,0.2669152803719044,0.7519300580024719,1.3399440962821245,2.2884696032851934,3
0,24,1,766,2,1,0.441191584803164,Jamaal Lascelles,D,0,9,Newcastle United,2084,0.1419747695326805,0.441191584803164,2.8535711150616407,2.9985417667776346,5
1,22,1,775,11,1,0.3044608812779188,Andros Townsend,M S,0,9,Crystal Palace,1092,1.6109846085309982,0.3044608812779188,1.0498964078724384,2.178911602124572,0
2,15,1,789,8,1,0.838938906788826,Robbie Brady,M S,0,8,Burnley,400,0.23705877736210823,0.838938906788826,0.39918601512908936,0.8703072406351566,1
1,29,1,791,5,1,0.6224199486896396,Alexander Tettey,D M S,0,22,Norwich,2282,0.48997790180146694,0.6224199486896396,5.009025761857629,5.760692724958062,5
1,36,1,807,6,1,2.4807436261326075,Jonny Evans,D,0,23,Leicester,3210,0.308798604644835,2.4807436261326075,10.134452182799578,10.302220348268747,6
1,30,1,835,29,1,2.0290376860648394,Ryan Bertrand,D M S,1,18,Southampton,2562,3.435012698173523,2.0290376860648394,5.327891504392028,7.473196145147085,3
1,20,1,847,11,1,0.6565496930852532,Cédric Soares,D M S,0,10,"Arsenal,Southampton",1485,0.7894036695361137,0.6565496930852532,1.9618913903832436,3.0084388107061386,1
1,21,1,882,3,1,2.606120537035167,Glenn Murray,F S,0,18,Brighton,747,0.8675273358821869,2.606120537035167,0.603656955063343,3.2747981967404485,0
2,26,1,884,29,1,0.3935443013906479,Matt Targett,D M S,0,7,Aston Villa,2125,3.2999231703579426,0.3935443013906479,6.365267269313335,7.859277717769146,3
0,7,1,888,3,1,0.5408407375216484,Xherdan Shaqiri,M S,0,4,Liverpool,175,0.1784982606768608,0.5408407375216484,0.044575419276952744,0.7241482846438885,0
3,25,1,922,31,1,2.2855918873101473,Andreas Pereira,M S,0,37,Manchester United,1501,3.7079232446849346,2.2855918873101473,4.526673385873437,8.948890056461096,3
0,28,1,1042,6,1,1.6402476858347654,Tom Davies,M S,0,17,Everton,1862,0.5344789810478687,1.6402476858347654,4.391380872577429,5.1542201563715935,7
4,24,1,1208,25,1,2.6348467022180557,Felipe Anderson,M S,0,23,West Ham,1530,2.6474777795374393,2.6348467022180557,3.8147295024245977,8.100950414314866,1
1,27,1,1227,13,1,1.4483503932133317,Lucas Torreira,M S,0,20,Arsenal,1434,0.8258079728111625,1.4483503932133317,4.751731127500534,6.3194262608885765,6
2,25,1,1234,8,1,1.180224142037332,Dennis Praet,M S,0,14,Leicester,1093,1.4343398325145245,1.180224142037332,4.9660569448024035,6.608504049479961,2
2,28,1,1304,7,1,3.0773991653695703,Moise Kean,F S,0,26,Everton,710,2.014130052179098,3.0773991653695703,1.055948344990611,5.449828057549894,1
0,24,1,1441,9,1,0.4195792581886053,Adam Masina,D S,0,13,Watford,1727,0.38051273580640554,0.4195792581886053,1.6576880067586899,2.0267560435459018,3
1,32,1,1654,9,1,1.3048196090385318,Ben Mee,D,0,17,Burnley,2880,1.7796144168823957,1.3048196090385318,1.7440897338092327,1.8804771974682808,7
0,10,1,1663,13,1,0.6809678301215172,Johann Berg Gudmundsson,M S,0,9,Burnley,485,0.8266690000891685,0.6809678301215172,0.9077880121767521,1.425281099975109,0
1,16,1,1678,3,1,3.038818970322609,Michy Batshuayi,F S,0,15,Chelsea,194,0.202503627166152,3.038818970322609,0.22043078392744064,3.1288072522729635,0
4,28,1,1683,44,1,3.4642705637961626,Ryan Fraser,F M S,0,27,Bournemouth,2054,3.600613407790661,3.4642705637961626,4.503551121801138,9.423755504190922,2
1,17,1,1685,21,1,0.1957340268418193,Ahmed Elmohamady,D M S,0,5,Aston Villa,983,2.1880204640328884,0.1957340268418193,2.72565308958292,3.5946197975426912,1
0,36,1,1687,15,1,2.7722497517243028,Harry Maguire,D,0,31,Manchester United,3240,0.4381422270089388,2.7722497517243028,11.307028102688491,11.622166401706636,5
3,26,1,1735,8,1,0.9333294555544853,Jack Stephens,D S,1,6,Southampton,2276,1.1747868731617928,0.9333294555544853,4.121164968237281,5.273247078061104,4
3,14,1,1740,29,1,1.3745418405160308,Paul Pogba,M S,0,21,Manchester United,1026,2.9736940413713455,2.1357106985524297,6.753909166902304,8.288003042340279,0
4,11,1,1776,14,1,2.220761191099882,Jarrod Bowen,M S,0,21,West Ham,796,2.5615727975964546,2.220761191099882,2.0298725068569183,5.553148925304413,0
2,31,1,2182,10,1,0.6805135076865554,Jefferson Lerma,M S,1,28,Bournemouth,2550,1.5193177163600922,0.6805135076865554,8.11928154155612,8.691334504634142,11
7,35,1,2203,81,1,2.169868305325508,Emiliano Buendía,M S,0,40,Norwich,2428,7.044478775933385,2.169868305325508,7.511154666543007,12.547948561608791,6
3,29,1,2254,28,1,0.9726598635315895,Mateo Kovacic,M S,0,21,Chelsea,1906,1.8484531957656145,0.9726598635315895,8.56460940092802,9.641454868018627,8
2,33,1,2280,22,1,1.4923919700086117,Jonny,M S,0,18,Wolverhampton Wanderers,2754,1.5366943553090096,1.4923919700086117,7.046080621890724,9.507690747268498,4
6,36,1,3422,75,1,0.6877675270661712,João Moutinho,M S,0,22,Wolverhampton Wanderers,2984,6.700165579095483,0.6877675270661712,9.818905759602785,10.8929394595325,7
5,31,1,3600,33,1,0.48477443493902683,Serge Aurier,D M S,1,13,Tottenham,2536,3.6023120153695345,0.48477443493902683,6.665993770584464,10.001820070669055,2
0,3,1,4068,1,1,0.36459624767303467,Florin Andone,F S,1,1,Brighton,69,0.058196283876895905,0.36459624767303467,0,0.36459624767303467,0
1,16,1,4476,4,1,1.561250001192093,Callum Robinson,F S,0,12,Sheffield United,674,0.6526464708149433,1.561250001192093,0.7018386432901025,2.8356007281690836,1
3,16,1,5247,15,1,1.5822625868022442,Naby Keita,M S,0,9,Liverpool,654,3.215543868020177,1.5822625868022442,5.106216972693801,8.823791170492768,1
1,34,1,5264,5,1,1.4316154308617115,Caglar Söyüncü,D,1,17,Leicester,3042,0.31019366160035133,1.4316154308617115,6.455812385305762,6.562317108735442,4
2,36,1,5553,21,1,1.1550952419638634,Declan Rice,D M,0,25,West Ham,3240,1.291188394650817,1.1550952419638634,7.521676952950656,8.495052644982934,6
1,32,1,6034,13,1,2.2746950732544065,Philip Billing,M S,0,33,Bournemouth,2430,1.3438758812844753,2.2746950732544065,5.004650132730603,6.855863449163735,7
1,34,1,6042,3,1,1.060794048011303,Jan Bednarek,D,0,7,Southampton,3059,1.094120530411601,1.060794048011303,4.872771088033915,4.889748644083738,4
0,18,1,6047,2,1,1.256109475158155,Shane Duffy,D S,0,7,Brighton,1225,0.13407667726278305,1.256109475158155,1.9144122581928968,2.0523229520767927,2
2,33,1,6050,28,1,1.8662200346589088,Davy Pröpper,M S,0,29,Brighton,2801,2.9643814731389284,1.8662200346589088,8.655904792249203,11.87942966632545,4
2,28,1,6062,15,1,1.390735574066639,Isaac Hayden,D M S,1,18,Newcastle United,2208,2.5337737184017897,1.390735574066639,4.893850919790566,7.8295365404337645,4
0,33,1,6080,4,1,0.18408984132111073,Victor Lindelöf,D,0,6,Manchester United,2920,0.3704907242208719,0.18408984132111073,8.023827373981476,8.034114558249712,5
1,28,1,6104,24,1,2.3371229264885187,Will Hughes,M S,0,26,Watford,2124,2.136501645669341,2.3371229264885187,2.8040930051356554,5.7843303475528955,7
0,11,1,6352,6,1,0.493495911359787,Valentino Lazaro,D M S,1,4,Newcastle United,364,0.1779981181025505,0.493495911359787,1.1888009728863835,1.6748454989865422,0
1,19,1,6418,4,1,0.3366532791405916,Hamza Choudhury,M S,1,7,Leicester,803,0.11283764243125916,0.3366532791405916,2.442134227603674,2.659824423491955,2
4,20,1,6456,19,1,2.0151429465040565,Callum Hudson-Odoi,F M S,0,21,Chelsea,781,2.650426246225834,2.0151429465040565,3.1478661093860865,6.49039722699672,1
0,16,1,6492,8,1,1.1117933839559555,Reiss Nelson,F M S,0,10,Arsenal,608,0.3218669621273875,1.1117933839559555,0.5980949755758047,1.7251489534974098,1
1,27,1,6630,12,1,2.238080743700266,Joe Willock,M S,0,14,Arsenal,749,1.046809496358037,2.238080743700266,3.1252848468720913,5.418913289904594,1
0,4,1,6665,0,1,0.8147163465619087,Curtis Jones,M S,0,6,Liverpool,86,0,0.8147163465619087,0.7814788669347763,1.2155631482601166,0
0,7,1,6820,5,1,0.3640260696411133,David Brooks,M S,0,4,Bournemouth,418,0.4708549687638879,0.3640260696411133,0.13210545666515827,0.800598569214344,1
0,17,1,6859,2,1,2.8237674068659544,Kortney Hause,D,0,20,Aston Villa,1530,0.49075983464717865,2.8237674068659544,1.7359603326767683,1.7359603326767683,3
0,17,1,6892,1,1,1.338660404086113,Fabián Balbuena,D S,0,10,West Ham,1174,0.4616926908493042,1.338660404086113,1.5457499846816063,1.5457499846816063,2
1,22,1,7078,15,1,1.1567276194691658,Sean Longstaff,M S,1,24,Newcastle United,1317,0.9336592350155115,1.1567276194691658,2.13690778426826,2.785052193328738,2
0,17,1,7152,2,1,0.7842208202928305,Björn Engels,D S,0,8,Aston Villa,1447,0.14336226508021355,0.7842208202928305,3.74813240673393,3.80121938791126,1
5,25,1,7322,20,1,1.077654656022787,Bukayo Saka,D F M S,0,12,Arsenal,1706,3.5736442245543003,1.077654656022787,5.022924855351448,7.747721552848816,6
0,12,1,7384,1,1,1.053304761648178,Chris Mepham,D S,0,7,Bournemouth,909,0.07673638314008713,1.053304761648178,0.7480950877070427,0.9437225051224232,1
0,26,1,7691,15,1,0.3487264607101679,Jamal Lewis,D S,0,9,Norwich,2131,1.0117010083049536,0.3487264607101679,2.556870580650866,3.7329709827899933,4
1,35,1,7693,22,1,1.2136974120512605,Kenny McLean,M S,0,30,Norwich,2775,2.2777174543589354,1.2136974120512605,5.905420513823628,7.720833105966449,5
2,24,1,7697,20,1,1.5482560927048326,Onel Hernández,M S,0,27,Norwich,1197,0.9162319172173738,1.5482560927048326,0.8984577488154173,3.141161607578397,0
2,28,1,7700,12,1,4.889074239879847,Che Adams,F S,0,30,Southampton,986,1.576260500587523,4.889074239879847,1.2057215720415115,5.890865332446992,0
1,36,1,7710,49,0,0.5771325016394258,Oliver Norwood,M,0,17,Sheffield United,3041,3.8799224253743887,1.3383013252168894,9.053664203733206,9.954603590071201,7
2,23,1,7726,10,1,1.6698183482512832,Ezri Konsa Ngoyo,D S,0,11,Aston Villa,1874,0.8167866729199886,1.6698183482512832,2.4241961631923914,2.8277651499956846,3
0,8,1,7822,0,1,0.4821467623114586,Dennis Srbeny,S,0,2,Norwich,29,0,0.4821467623114586,0,0.4334107041358948,0
0,15,1,8075,12,1,0.9978843368589878,Brandon Williams,D M S,0,6,Manchester United,825,0.58128865621984,0.9978843368589878,3.4664483312517405,4.828376915305853,5
1,12,1,8285,1,1,0.6007533967494965,Sander Berge,M S,0,5,Sheffield United,777,0.6180425882339478,0.6007533967494965,0.9807433281093836,2.129500860348344,0
0,12,1,8287,9,1,2.219603009521961,Mbwana Samatta,F S,0,14,Aston Villa,816,0.31157658621668816,2.219603009521961,0.9784696772694588,2.872994750738144,0
0,8,0,47,1,0,0.08367183804512024,Yoshinori Muto,M S,0,1,Newcastle United,193,0.014181027188897133,0.08367183804512024,0.10911807231605053,0.2069709375500679,0
0,10,0,62,6,0,0.8557931073009968,Lukas Rupp,M S,0,4,Norwich,602,0.4519431032240391,0.8557931073009968,0.589638345874846,1.8973745694383979,1
0,6,0,162,0,0,0.23848844319581985,Timm Klose,D,0,3,Norwich,540,0,0.23848844319581985,0.4654364287853241,0.4654364287853241,0
0,30,0,181,0,0,0,Bernd Leno,GK,0,0,Arsenal,2649,0,0,4.038202187977731,4.038202187977731,2
0,21,0,200,4,0,0.6141439899802208,Andreas Christensen,D,0,7,Chelsea,1758,0.8512690179049969,0.6141439899802208,6.253279689699411,6.598435763269663,5
0,7,0,250,0,0,0,Ørjan Nyland,GK S,0,0,Aston Villa,536,0,0,0.19450698792934418,0.19450698792934418,0
0,3,0,317,2,0,0.4295179098844528,Henrikh Mkhitaryan,M S,0,2,Arsenal,109,0.2743019759654999,0.4295179098844528,0.29007071256637573,0.8670729100704193,1
0,1,0,330,0,0,0,Ralf Fährmann,GK,0,0,Norwich,21,0,0,0,0,0
0,1,0,337,0,0,0.09815926104784012,Leroy Sané,S,0,2,Manchester City,6,0,0.09815926104784012,0.12103497982025146,0.17216940224170685,0
0,17,0,338,4,0,0.4592808475717902,Max Meyer,F M S,0,9,Crystal Palace,641,0.19799978658556938,0.4592808475717902,0.3796441350132227,0.8563479296863079,1
2,24,0,342,9,0,0.25498836766928434,Sead Kolasinac,D M S,0,4,Arsenal,1569,1.2778912372887135,0.25498836766928434,6.802911460399628,7.789779178798199,3
1,32,0,343,30,0,3.1353981336578727,Pierre-Emile Højbjerg,D M S,0,45,Southampton,2729,1.8598951622843742,3.1353981336578727,7.935954692773521,11.207540640607476,5
0,15,0,456,4,0,0.15451994724571705,Simon Francis,D S,1,3,Bournemouth,956,0.4215386537835002,0.15451994724571705,1.679096294566989,1.7624632865190506,3
0,2,0,459,2,0,0,Charlie Daniels,D,0,0,Bournemouth,126,0.14172236621379852,0,0.418497234582901,0.4943442642688751,0
0,5,0,460,1,0,0.02773614227771759,Andrew Surman,M S,0,1,Bournemouth,230,0.04897062107920647,0.02773614227771759,0.8905238769948483,0.9394944868981838,1
0,2,0,481,0,0,0,Jordon Ibe,S,0,0,Bournemouth,39,0,0,0.021998491138219833,0.021998491138219833,0
0,13,0,485,1,0,0,Mamadou Sakho,D S,1,0,Crystal Palace,906,0.029572835192084312,0,1.7088798731565475,1.738452710211277,1
0,3,0,495,3,0,0.04398033022880554,Nacho Monreal,D,0,1,Arsenal,270,0.45943301916122437,0.04398033022880554,0.5824294127523899,0.6670906580984592,0
0,3,0,509,0,0,0,Wayne Hennessey,GK,0,0,Crystal Palace,270,0,0,0.11491350084543228,0.11491350084543228,0
0,27,0,510,4,0,0.1673794984817505,Joel Ward,D S,0,4,Crystal Palace,2203,0.1527654565870762,0.1673794984817505,2.137976299971342,2.3491536639630795,4
1,14,0,512,4,0,0.3852326571941376,Scott Dann,D S,0,5,Crystal Palace,1083,0.25298145506531,0.3852326571941376,1.0798572339117527,1.1801117146387696,0
0,18,0,524,4,0,0.1671658717095852,Adrian Mariappa,D S,1,3,Watford,1369,0.24789968505501747,0.1671658717095852,1.4910962292924523,1.784063057973981,3
1,19,0,525,6,0,0.06097240559756756,Martin Kelly,D S,0,2,Crystal Palace,1554,0.8339540883898735,0.06097240559756756,2.184050213545561,2.3818599116057158,0
0,11,0,527,0,0,0,Adrián,GK S,0,0,Liverpool,873,0,0,2.574331186711788,2.574331186711788,1
2,23,0,535,30,0,1.9782242616638541,Manuel Lanzini,F M S,0,22,West Ham,1353,2.0544767174869776,1.9782242616638541,3.3634823504835367,5.6798020880669355,1
4,17,0,537,11,0,1.0064935749396682,Andy Carroll,F S,0,14,Newcastle United,554,0.89431625418365,1.0064935749396682,1.0494360737502575,2.173602038063109,1
0,2,0,540,0,0,0,Darren Randolph,GK,0,0,West Ham,180,0,0,0,0,0
0,36,0,546,0,0,0,David de Gea,GK,0,0,Manchester United,3240,0,0,4.6127130119130015,4.6127130119130015,2
0,1,0,549,2,0,0,Timothy Fosu-Mensah,D,0,0,Manchester United,90,0.12574833631515503,0,0.4165271818637848,0.45293372869491577,0
0,3,0,550,0,0,0.13206884264945984,Marcos Rojo,D S,0,1,Manchester United,119,0,0.13206884264945984,0.03241937234997749,0.03241937234997749,1
0,15,0,551,4,0,0.33733922988176346,Morgan Schneiderlin,M S,1,6,Everton,1014,0.1284838654100895,0.33733922988176346,3.0296873468905687,3.2938893102109432,4
2,19,0,554,18,0,1.2170822620391846,Juan Mata,M S,0,10,Manchester United,740,2.104931265115738,1.2170822620391846,3.0575095880776644,4.749433916062117,1
0,21,0,558,20,0,1.975492425262928,Jesse Lingard,M S,0,21,Manchester United,909,1.1104203211143613,1.975492425262928,3.927907875739038,6.810733422636986,3
0,1,0,566,0,0,0.057957686483860016,Sebastian Prödl,D,0,2,Watford,57,0,0.057957686483860016,0,0,0
0,14,0,568,11,0,0.2385536441579461,José Holebas,D S,0,6,Watford,1019,0.5429356396198273,0.2385536441579461,2.237692667171359,2.6095197815448046,5
3,30,0,572,19,0,0.6416583098471165,Etienne Capoue,M,0,19,Watford,2643,2.543247055262327,0.6416583098471165,6.2570908442139626,8.066860908642411,8
0,9,0,573,2,0,2.0073330402374268,Odion Ighalo,S,0,6,Manchester United,65,0.0870993435382843,2.0073330402374268,0.07882040739059448,2.173252772539854,0
0,29,0,581,2,0,0.18517562747001648,Craig Cathcart,D S,0,2,Watford,2490,0.07538784667849541,0.18517562747001648,2.1953314999118447,2.232964620925486,7
1,25,0,585,9,0,0.7956851311028004,Seamus Coleman,D S,1,7,Everton,1785,1.5188014600425959,0.7956851311028004,3.128231334500015,4.932799644768238,3
0,15,0,586,2,0,0.5476326206699014,John Stones,D S,0,6,Manchester City,1100,0.06062992848455906,0.5476326206699014,6.345778547227383,6.364691235125065,0
0,6,0,587,0,0,0,Phil Jagielka,D S,0,0,Sheffield United,233,0,0,0.09513126313686371,0.09513126313686371,0
0,7,0,588,6,0,0.043360382318496704,Leighton Baines,D M S,0,1,Everton,383,0.6819717679172754,0.043360382318496704,1.504334606230259,1.504334606230259,0
0,31,0,589,14,0,0.38204566296190023,James McCarthy,M S,0,11,Crystal Palace,1461,1.2703447230160236,0.38204566296190023,2.771129062399268,3.4505352824926376,7
0,16,0,593,2,0,0.024231426417827606,Aaron Lennon,M S,0,1,Burnley,466,0.15801358222961426,0.024231426417827606,0.10865041986107826,0.2908954285085201,4
0,3,0,599,0,0,0,Oumar Niasse,S,0,0,Everton,17,0,0,0.03237203508615494,0.03237203508615494,0
1,10,0,602,1,0,0.2041400857269764,Dejan Lovren,D S,0,5,Liverpool,774,0.30198830366134644,0.2041400857269764,3.091093484312296,3.091093484312296,1
0,10,0,610,3,0,0,Pablo Zabaleta,D M S,0,0,West Ham,585,0.6028396636247635,0,2.1768071055412292,2.1768071055412292,2
1,29,0,614,8,0,0.5647986680269241,Fernandinho,D M S,2,14,Manchester City,2360,0.44791270419955254,0.5647986680269241,15.20350719615817,15.472389798611403,7
0,4,0,624,0,0,0,Willy Caballero,GK,0,0,Chelsea,360,0,0,0.08024357818067074,0.08024357818067074,0
0,12,0,631,19,0,0.08267359249293804,Ashley Young,D M S,0,3,Manchester United,956,1.6687388122081757,0.08267359249293804,2.879492687061429,3.1620550770312548,5
3,35,0,633,33,0,1.71855438221246,James McArthur,M,0,27,Crystal Palace,2983,2.950439341366291,1.71855438221246,4.564933869987726,7.792687333188951,6
0,26,0,635,1,0,0,Alex McCarthy,GK,0,0,Southampton,2340,0.02369353547692299,0,3.083746697753668,3.107440233230591,0
0,19,0,637,0,0,0,Hugo Lloris,GK,0,0,Tottenham,1628,0,0,0.5299304816871881,0.5299304816871881,0
0,21,0,641,13,0,0.08819849416613579,Danny Rose,D M S,0,2,"Newcastle United,Tottenham",1598,0.8343104086816311,0.08819849416613579,2.6682454152032733,2.9772430639714003,6
2,18,0,643,7,0,1.029715932905674,Eric Dier,D M S,0,8,Tottenham,1249,0.28368049673736095,1.029715932905674,4.0951810367405415,4.993291634134948,4
0,16,0,660,8,0,0.15443469397723675,Ben Davies,D M S,0,6,Tottenham,1254,0.8889158070087433,0.15443469397723675,3.3719679471105337,3.8511403184384108,6
0,6,0,667,0,0,0,Carlos Sánchez,M S,0,0,West Ham,107,0,0,0.25287406146526337,0.25287406146526337,0
1,6,0,688,1,0,0.5446935053914785,Ruben Loftus-Cheek,F M S,0,4,Chelsea,194,0.523468554019928,0.5446935053914785,0.5517775025218725,1.6199395582079887,0
2,19,0,697,14,0,0.2343028075993061,Nemanja Matic,M S,0,7,Manchester United,1406,0.8737098257988691,0.2343028075993061,7.835786286741495,8.763739958405495,2
1,25,0,699,3,0,1.610497998073697,Gary Cahill,D,0,21,Crystal Palace,2167,0.4316556118428707,1.610497998073697,1.751877160742879,1.8115008249878883,1
0,23,0,706,0,0,0,Lukasz Fabianski,GK,0,0,West Ham,1937,0,0,0.9748631082475185,0.9748631082475185,1
0,14,0,710,5,0,0.12685371190309525,Neil Taylor,D M S,0,3,Aston Villa,1085,0.47063472867012024,0.12685371190309525,2.3872442077845335,2.8881297167390585,2
0,30,0,712,12,0,1.345175726339221,Jack Cork,M,0,18,Burnley,2627,1.1728481724858284,1.345175726339221,4.833094613626599,6.311918277293444,1
0,3,0,723,2,0,0,Ki Sung-yueng,M S,0,0,Newcastle United,137,0.05511658266186714,0,0,0.04251881316304207,0
0,1,0,733,0,0,0,Jack Rodwell,S,0,0,Sheffield United,13,0,0,0,0,0
0,36,0,741,0,0,0,Jordan Pickford,GK,0,0,Everton,3240,0,0,3.0201208852231503,3.0201208852231503,2
0,36,0,745,2,0,0.018557744100689888,Kasper Schmeichel,GK,0,1,Leicester,3240,0.35696904361248016,0.018557744100689888,3.3191566225141287,3.6761256735771894,2
0,9,0,748,0,0,0.502011775970459,Wes Morgan,D S,0,2,Leicester,238,0,0.502011775970459,0.300255611538887,0.7533859610557556,0
0,11,0,749,2,0,0.1832248093560338,Christian Fuchs,D M S,0,5,Leicester,760,0.10093383491039276,0.1832248093560338,4.1151677668094635,4.192030072212219,0
0,5,0,752,1,0,0.09826851636171341,Daniel Drinkwater,M,0,2,"Aston Villa,Burnley",331,0.040286142379045486,0.09826851636171341,0.7377892173826694,0.8360577337443829,1
3,19,0,753,20,0,0.4283240605145693,Marc Albrighton,M S,0,9,Leicester,784,2.2903374694287777,0.4283240605145693,2.196172386407852,4.220852652564645,2
1,8,0,764,6,0,0.33076496608555317,Daryl Janmaat,D M S,0,4,Watford,611,0.39833011105656624,0.33076496608555317,1.2739350404590368,1.803520591929555,1
0,15,0,787,2,0,0.02391529269516468,Ryan Bennett,D S,0,1,"Leicester,Wolverhampton Wanderers",892,0.09054247103631496,0.02391529269516468,2.083988567814231,2.1745310556143522,2
0,36,0,803,1,0,0.3458039164543152,Ben Foster,GK,0,1,Watford,3240,0.03670657053589821,0.3458039164543152,1.5437481021508574,1.580454676412046,1
1,23,0,825,10,0,0.6926137795671821,Adam Smith,D M,0,4,Bournemouth,1988,1.2732242038473487,0.6926137795671821,4.599220164120197,5.3508000783622265,7
0,2,0,836,0,0,0,Victor Wanyama,S,0,0,Tottenham,21,0,0,0.12857069075107574,0.12857069075107574,1
0,28,0,842,15,0,0.1472730040550232,Oriol Romeu,M S,0,5,Southampton,1696,1.373316165059805,0.1472730040550232,3.088285617530346,3.7074628211557865,5
0,8,0,845,1,0,0.9399021724238992,Maya Yoshida,D S,0,5,Southampton,555,0.07044664770364761,0.9399021724238992,0.58598592877388,0.665345230139792,1
0,16,0,853,4,0,0.024163909256458282,Paul Dummett,D M S,0,2,Newcastle United,1229,0.1980863632634282,0.024163909256458282,1.5707177920266986,1.6953273145481944,2
1,19,0,857,7,0,0.25659483205527067,Phil Bardsley,D,0,9,Burnley,1710,1.1532992739230394,0.25659483205527067,1.2255686204880476,2.36718956194818,5
0,16,0,876,7,0,0.04571057204157114,Fabian Delph,M S,1,3,Everton,1194,0.47891767509281635,0.04571057204157114,4.884202837944031,5.085359990596771,3
0,11,0,885,6,0,0.08822430297732353,Kyle Walker-Peters,D S,0,2,"Southampton,Tottenham",766,0.7473620902746916,0.08822430297732353,1.0455252416431904,1.7404366172850132,1
3,22,0,887,14,0,0.3499116087332368,Erik Pieters,D M S,0,11,Burnley,1700,2.2013179333880544,0.3499116087332368,1.1940991850569844,3.667432270012796,1
0,17,0,902,6,0,2.192290600389242,Sam Byram,D S,0,15,Norwich,1292,0.36209325678646564,2.192290600389242,1.7859528213739395,2.703712671995163,4
0,9,0,908,1,0,0.14954005926847458,Muhamed Besic,M S,0,4,Sheffield United,236,0.0868392065167427,0.14954005926847458,0.9843139946460724,1.204655960202217,2
0,10,0,914,8,0,0.05114997923374176,Nabil Bentaleb,M S,0,3,Newcastle United,607,0.19530144333839417,0.05114997923374176,1.7631337512284517,1.951648861169815,2
0,3,0,925,0,0,0,Patrick Roberts,S,0,0,Norwich,19,0,0,0,0,0
0,5,0,934,0,0,0,Axel Tuanzebe,D S,0,0,Manchester United,186,0,0,0.17384924739599228,0.17384924739599228,0
0,26,0,935,1,0,1.4697095267474651,Kurt Zouma,D S,0,15,Chelsea,2160,0.12191382795572281,1.4697095267474651,7.860432920046151,7.86981709767133,6
0,2,0,951,0,0,0.11484574526548386,Phil Jones,D,0,2,Manchester United,137,0,0.11484574526548386,0.35416632518172264,0.35416632518172264,0
0,29,0,971,16,0,0.36931429617106915,Harry Winks,M S,0,13,Tottenham,2056,0.8163017723709345,0.36931429617106915,6.988282365724444,7.825104249641299,9
0,18,0,973,1,0,0,Paulo Gazzaniga,GK S,0,0,Tottenham,1612,0.4000612497329712,0,1.8995517455041409,2.299613006412983,1
0,34,0,982,0,0,0,Tim Krul,GK,0,0,Norwich,3060,0,0,3.4850254897028208,3.4850254897028208,4
3,27,0,985,4,0,1.405400880612433,Mason Holgate,D M S,0,12,Everton,2047,1.1222641915082932,1.405400880612433,5.709236480295658,6.361287424340844,5
0,26,0,987,5,0,0.018379155546426773,Joseph Gomez,D S,0,1,Liverpool,1816,0.16356412321329117,0.018379155546426773,7.533729948103428,7.707415835931897,6
0,24,0,1006,19,0,0.7194659849628806,Luke Shaw,D S,0,11,Manchester United,1735,1.3755584051832557,0.7194659849628806,6.281433146446943,7.2587702898308635,7
0,8,0,1036,0,0,0,Jack Wilshere,M S,0,0,West Ham,197,0,0,0.5077891945838928,0.5077891945838928,0
0,6,0,1040,9,0,0.20923293381929398,Angelino,D S,0,5,Manchester City,417,1.9232049360871315,0.20923293381929398,2.369252860546112,2.7633532881736755,1
0,16,0,1053,5,0,1.6860376261174679,Keinan Davis,F S,0,15,Aston Villa,480,0.16380362026393414,1.6860376261174679,1.2397652603685856,2.2713848305866122,0
0,9,0,1217,7,0,0.21781209856271744,Moritz Leitner,M S,0,8,Norwich,689,0.3639685455709696,0.21781209856271744,3.8308897875249386,4.275749620050192,1
0,14,0,1245,19,0,1.099134435877204,Emerson,D M S,0,13,Chelsea,1018,1.687928706407547,1.099134435877204,5.515447676181793,6.990983001887798,3
1,27,0,1257,1,0,0,Alisson,GK,1,0,Liverpool,2365,0.2629152238368988,0,6.3190101478248835,6.581925356760621,0
0,10,0,1374,1,0,0,José Reina,GK,0,0,Aston Villa,900,0.0390281155705452,0,1.6888946667313576,1.6888946667313576,1
1,16,0,1545,1,0,0.35268707014620304,Emil Krafth,D M S,0,4,Newcastle United,934,0.7032874822616577,0.35268707014620304,0.6884018313139677,1.7443763837218285,0
0,20,0,1651,0,0,0,Tom Heaton,GK,0,0,Aston Villa,1797,0,0,2.095072572119534,2.095072572119534,0
1,17,0,1652,11,0,0.014243402518332005,Matthew Lowton,D,0,1,Burnley,1530,1.274649852886796,0.014243402518332005,2.13314413651824,3.158141002058983,2
1,20,0,1677,8,0,0.4986919816583395,Nathaniel Chalobah,M S,0,9,Watford,905,1.1550361439585686,0.4986919816583395,1.4136696327477694,2.39655489474535,1
1,15,0,1699,3,0,0.5680257296189666,Shkodran Mustafi,D S,0,11,Arsenal,1208,0.5758728422224522,0.5680257296189666,3.967217229306698,4.499947272241116,2
0,2,0,1701,0,0,0,Borja Bastón,S,0,0,Aston Villa,9,0,0,0,0,0
1,19,0,1719,5,0,0.03594760596752167,Javier Manquillo,D M S,0,1,Newcastle United,1418,0.26278073713183403,0.03594760596752167,2.772937879897654,2.9925783928483725,5
0,5,0,1724,1,0,0.09479810297489166,Isaac Success,S,0,1,Watford,54,0.05467768758535385,0.09479810297489166,0.04497389867901802,0.19444969296455383,1
2,25,0,1725,5,0,0.8253115126863122,Christian Kabasele,D S,2,9,Watford,2081,0.6392174754291773,0.8253115126863122,1.584944311529398,1.6102776490151882,1
0,1,0,1729,0,0,0.056358423084020615,Georges-Kévin Nkoudou,S,0,1,Tottenham,1,0,0.056358423084020615,0,0.056358423084020615,0
0,4,0,1731,0,0,0,Claudio Bravo,GK S,0,0,Manchester City,347,0,0,0.7041245028376579,0.7041245028376579,0
2,20,0,1734,15,0,1.0145511412993073,Sofiane Boufal,M S,0,18,Southampton,746,2.6982589848339558,1.0145511412993073,3.549865827895701,6.150288098491728,2
0,4,0,1739,0,0,0,Eric Bailly,D S,0,0,Manchester United,142,0,0,0.518024755641818,0.518024755641818,0
0,6,0,1747,0,0,0.012983161024749279,Kevin Long,D S,0,1,Burnley,380,0,0.012983161024749279,0.07095399498939514,0.07095399498939514,0
0,6,0,1749,0,0,0,Rob Holding,D S,0,0,Arsenal,396,0,0,0.3497755639255047,0.3497755639255047,0
2,19,0,1750,9,0,0.40764421597123146,Ainsley Maitland-Niles,D S,1,3,Arsenal,1282,1.4514118060469627,0.40764421597123146,3.17987815849483,4.736341506242752,4
1,16,0,1760,7,0,0.0992211252450943,Arthur Masuaku,D M S,1,5,West Ham,912,1.252851463854313,0.0992211252450943,2.874283676967025,3.0706395525485277,3
0,6,0,1785,2,0,0.013872342184185982,Nampalys Mendy,M S,0,1,Leicester,278,0.07407385855913162,0.013872342184185982,1.7391079477965832,1.8270541206002235,0
0,26,0,1789,11,0,0.2477536704391241,Lewis Cook,M S,0,9,Bournemouth,1312,0.5486514251679182,0.2477536704391241,2.713585532270372,3.17084557749331,4
7,33,0,1823,70,0,1.2571891993284225,Lucas Digne,D M,0,29,Everton,2880,6.230312413536012,1.2571891993284225,4.963839177042246,7.869049349799752,6
0,1,0,1883,0,0,0.02669377438724041,Ravel Morrison,S,0,1,Sheffield United,11,0,0.02669377438724041,0,0,0
1,27,0,1950,21,0,1.434309933334589,Martín Montoya,D M S,0,8,Brighton,1912,1.942305794917047,1.434309933334589,4.159861935302615,6.852791702374816,5
1,10,0,2132,4,0,0.26380024664103985,Jota,F M S,0,6,Aston Villa,328,0.5682314299046993,0.26380024664103985,0.8490683436393738,1.5586206205189228,0
0,33,0,2190,0,0,0,Vicente Guaita,GK,0,0,Crystal Palace,2970,0,0,1.855646239593625,1.855646239593625,1
3,19,0,2344,13,0,0.24635672383010387,Christian Atsu,M S,0,5,Newcastle United,733,0.7123019937425852,0.24635672383010387,0.7073047198355198,1.5334891080856323,2
0,15,0,2379,14,0,0.3220373187214136,João Cancelo,D M S,0,11,Manchester City,1018,2.6107824314385653,0.3220373187214136,9.852575477212667,12.050423625856638,3
1,17,0,2383,11,0,0.18382113240659237,André Gomes,M S,0,4,Everton,1277,1.1045075934380293,0.18382113240659237,2.662034846842289,3.786336889490485,6
0,36,0,2385,0,0,0,Mat Ryan,GK,0,0,Brighton,3240,0,0,4.208185885101557,4.208185885101557,0
0,1,0,2390,0,0,0,Víctor Camarasa,S,0,0,Crystal Palace,3,0,0,0.06537716835737228,0.06537716835737228,0
2,22,0,2446,25,0,0.4295179545879364,Dani Ceballos,M S,0,12,Arsenal,1555,1.4290348133072257,0.4295179545879364,7.261611841619015,8.471054026857018,1
0,13,0,2498,3,0,0.19236379861831665,Aymeric Laporte,D S,0,3,Manchester City,946,0.17903731018304825,0.19236379861831665,5.768059719353914,5.947713900357485,1
0,3,0,2509,0,0,0,Dimitri Foulquier,M S,0,0,Watford,52,0,0,0,0,0
0,9,0,2673,2,0,0.20235168375074863,Albian Ajeti,S,0,3,West Ham,114,0.03874383121728897,0.20235168375074863,0.032236430794000626,0.27333194203674793,0
0,18,0,2958,18,0,0.47700200229883194,Oleksandr Zinchenko,D M S,1,16,Manchester City,1241,1.8436705227941275,0.47700200229883194,9.224523041397333,9.759916936978698,0
2,23,0,3253,12,0,0.3493256364017725,Frederic Guilbert,D M S,0,7,Aston Villa,1900,1.3005873747169971,0.3493256364017725,3.671437978744507,4.261569757014513,6
4,23,0,3357,18,0,0.3015670906752348,Djibril Sidibe,D M S,0,12,Everton,1687,2.444175783544779,0.3015670906752348,4.822430616244674,7.457885900512338,3
0,11,0,3358,1,0,0.5927500072866678,Ibrahim Amadou,D M S,0,6,Norwich,757,0.050286222249269485,0.5927500072866678,1.150982290506363,1.2464548200368881,1
3,19,0,3389,21,0,0.3174633514136076,Benjamin Mendy,D M S,0,10,Manchester City,1508,1.626008034683764,0.3174633514136076,10.008160639554262,10.950178433209658,3
0,8,0,3873,0,0,0.25496493838727474,Ezequiel Schelotto,D M S,0,4,Brighton,362,0,0.25496493838727474,0.24451465532183647,0.4994795899838209,1
0,7,0,4401,0,0,0,Emiliano Martinez,GK S,0,0,Arsenal,591,0,0,0.6466006673872471,0.6466006673872471,1
0,1,0,4441,0,0,0,Matthew James,S,0,0,Leicester,3,0,0,0,0,0
0,1,0,4475,0,0,0,Jed Steer,GK,0,0,Aston Villa,7,0,0,0,0,0
0,2,0,4764,0,0,0,Jean-Philippe Gbamin,M S,0,0,Everton,135,0,0,0,0,0
0,26,0,5043,17,0,0.12204703968018293,Kiko Femenía,D M S,0,5,Watford,2117,1.1459888815879822,0.12204703968018293,2.6110784141346812,3.3135331086814404,5
0,32,0,5061,0,0,0,Kepa,GK,0,0,Chelsea,2880,0,0,4.989222753793001,4.989222753793001,0
3,25,0,5065,26,0,0.32460944540798664,Diego Rico,D M,0,10,Bournemouth,2166,2.2888783933594823,0.32460944540798664,3.3359763082116842,4.07736698538065,6
0,8,0,5087,0,0,0,Roberto Jiménez,GK S,0,0,West Ham,687,0,0,0.12290309742093086,0.12290309742093086,0
0,2,0,5234,0,0,0,Jesús Vallejo,D S,0,0,Wolverhampton Wanderers,163,0,0,0.05839471146464348,0.05839471146464348,1
0,10,0,5240,16,0,0.5319720692932606,Ondrej Duda,M S,0,10,Norwich,737,1.5336673818528652,0.5319720692932606,1.073986617848277,1.9886046685278416,0
0,13,0,5245,4,0,0.45429241843521595,Bernardo,D M S,0,7,Brighton,665,0.9403805732727051,0.45429241843521595,1.2751251384615898,2.061305833980441,1
1,6,0,5261,1,0,0.07807090878486633,Kevin Danso,D S,1,1,Southampton,272,0.07897821068763733,0.07807090878486633,0.4979414828121662,0.4979414828121662,0
0,10,0,5544,0,0,0,Angus Gunn,GK,0,0,Southampton,900,0,0,0.4860546290874481,0.4860546290874481,0
0,36,0,5552,3,0,0,Nick Pope,GK,0,0,Burnley,3240,0.19970626384019852,0,1.9782384978607297,2.1398710617795587,1
0,2,0,5567,0,0,0.009777018800377846,Nathan Holland,S,0,1,West Ham,24,0,0.009777018800377846,0,0.009777018800377846,0
0,4,0,5573,0,0,0.02132098376750946,Domingos Quina,S,0,1,Watford,9,0,0.02132098376750946,0,0.02132098376750946,0
4,33,0,5584,24,0,0.8149191122502089,Aaron Wan-Bissaka,D M,0,7,Manchester United,2943,3.416937825269997,0.8149191122502089,11.283899292349815,13.854331504553556,8
0,2,0,5598,2,0,0,Angel Gomes,S,0,0,Manchester United,17,0.22920328378677368,0,0.16221578419208527,0.252397283911705,0
0,3,0,5602,0,0,0.8971610069274902,Sam Surridge,S,0,2,Bournemouth,14,0,0.8971610069274902,0,0.4200529456138611,0
1,35,0,5603,1,0,0,Aaron Ramsdale,GK,0,0,Bournemouth,3150,0.49542611837387085,0,1.5849033892154694,2.080329515039921,0
0,20,0,5609,4,0,0.38840603828430176,Yves Bissouma,M S,0,15,Brighton,1115,0.13574092276394367,0.38840603828430176,2.849680742248893,3.287131113000214,3
1,26,0,5681,25,0,1.352459890767932,Giovani Lo Celso,M S,0,17,Tottenham,1335,1.5312047637999058,1.352459890767932,5.517658207565546,7.3489390797913074,6
1,24,0,5759,12,0,0.5298995524644852,Matteo Guendouzi,M S,0,11,Arsenal,1744,1.0633032843470573,0.5298995524644852,5.212480574846268,6.531605005264282,6
0,15,0,6027,2,0,0.04698867071419954,Jairo Riedewald,D M S,0,3,Crystal Palace,715,0.21089744567871094,0.04698867071419954,1.0954282488673925,1.2274538706988096,0
1,24,0,6044,12,0,0.014006257057189941,Charlie Taylor,D S,0,1,Burnley,1938,0.8630979042500257,0.014006257057189941,3.2500421293079853,3.4987694211304188,3
1,17,0,6049,12,0,1.466960359364748,Solly March,F M S,0,20,Brighton,1027,1.0452662389725447,1.466960359364748,2.132962863892317,4.2440715823322535,2
1,31,0,6051,17,0,0.42745724227279425,Dale Stephens,M S,0,18,Brighton,2348,1.225048027932644,0.42745724227279425,6.168879523873329,7.077222475782037,7
0,33,0,6054,1,0,0,Ederson,GK,1,0,Manchester City,2891,0.07479359209537506,0,7.664617847651243,7.7394114546477795,3
0,4,0,6105,2,0,0,Gaëtan Bong,S,0,0,Brighton,53,0.11898884922266006,0,0.03766385931521654,0.15665270946919918,0
0,27,0,6249,1,0,0.7553703747689724,Davinson Sánchez,D S,0,7,Tottenham,2342,0.03628891706466675,0.7553703747689724,7.089139549061656,7.125428466126323,5
0,4,0,6306,1,0,0,Juan Foyth,D S,0,0,Tottenham,67,0.02350112982094288,0,0.0990934669971466,0.0990934669971466,1
0,4,0,6410,1,0,0.011818751692771912,Jack Simpson,D S,0,1,Bournemouth,237,0.034685321152210236,0.011818751692771912,0,0.04650407284498215,0
0,1,0,6424,0,0,0,Ben Johnson,D,0,0,West Ham,90,0,0,0.31256404519081116,0.31256404519081116,0
0,36,0,6532,0,0,0,Martin Dubravka,GK,0,0,Newcastle United,3240,0,0,2.5567130697891116,2.5567130697891116,0
0,2,0,6542,0,0,0.3997017852962017,Jürgen Locadia,F S,0,2,Brighton,84,0,0.3997017852962017,0.043615104630589485,0.10170037858188152,0
0,29,0,6817,35,0,1.5917400578036904,Fred,M S,0,40,Manchester United,2147,2.3141325432807207,1.5917400578036904,9.726845286786556,12.03324669599533,8
0,6,0,6837,2,0,0.09263186901807785,Ryan Sessegnon,D M S,0,1,Tottenham,341,0.04794934019446373,0.09263186901807785,0.40152259171009064,0.5256650149822235,0
0,36,0,6849,0,0,0,Rui Patrício,GK,0,0,Wolverhampton Wanderers,3240,0,0,2.766341242939234,2.766341242939234,0
1,20,0,6850,7,0,0.11220504902303219,Willy Boly,D,1,3,Wolverhampton Wanderers,1800,1.0245928727090359,0.11220504902303219,3.4457716066390276,4.341623185202479,1
0,36,0,6851,5,0,0,Conor Coady,D,0,0,Wolverhampton Wanderers,3240,0.5321237146854401,0,8.637542502954602,9.083362201228738,4
0,15,0,6856,4,0,0.2878529354929924,Rúben Vinagre,M S,0,5,Wolverhampton Wanderers,598,0.6194777600467205,0.2878529354929924,1.9593652877956629,2.4340996239334345,1
0,7,0,6857,3,0,0.07185499556362629,Morgan Gibbs-White,M S,0,2,Wolverhampton Wanderers,119,0.0708760917186737,0.07185499556362629,0.19279927760362625,0.30642930790781975,0
3,26,0,6891,22,0,0.09826050419360399,Ryan Fredericks,D S,0,2,West Ham,2146,2.988232174888253,0.09826050419360399,5.373934950679541,6.437310200184584,6
0,7,0,6997,0,0,0,Ignacio Pussetto,S,0,0,Watford,48,0,0,0,0,1
0,5,0,7198,0,0,0,Oliver Skipp,M S,0,0,Tottenham,61,0,0,0,0,0
0,2,0,7230,0,0,0,Emile Smith-Rowe,M S,0,0,Arsenal,96,0,0,0,0,0
0,11,0,7280,2,0,0.2561572901904583,Yan Valery,D M S,0,3,Southampton,796,1.143116295337677,0.2561572901904583,2.753902258351445,3.5895417276769876,1
0,4,0,7281,0,0,0.37155982851982117,Diogo Dalot,D S,0,1,Manchester United,65,0,0.37155982851982117,0.018821140751242638,0.3903809692710638,0
0,3,0,7332,0,0,0,Max Kilman,D S,0,0,Wolverhampton Wanderers,183,0,0,0.03503457084298134,0.03503457084298134,0
0,32,0,7382,20,0,1.7639113888144493,Dan Burn,D M S,0,12,Brighton,2699,1.6736760111525655,1.7639113888144493,6.135418704710901,7.264127119444311,5
0,1,0,7438,0,0,0,James Garner,S,0,0,Manchester United,5,0,0,0.03625577688217163,0.03625577688217163,0
0,3,0,7439,0,0,0.07188171148300171,Tahith Chong,S,0,1,Manchester United,29,0,0.07188171148300171,0.014117863029241562,0.08599957451224327,0
0,2,0,7546,0,0,0,Harvey Elliott,S,0,0,Liverpool,5,0,0,0,0,0
0,1,0,7582,0,0,0,Mark Travers,GK,0,0,Bournemouth,90,0,0,0.019804751500487328,0.019804751500487328,0
1,34,0,7688,23,0,0.6508809011429548,Max Aarons,D,0,14,Norwich,3060,3.8951179310679436,0.6508809011429548,6.937931722030044,9.614673618227243,7
0,28,0,7689,3,0,0.4011798007413745,Ben Godfrey,D,1,12,Norwich,2469,0.07431055046617985,0.4011798007413745,5.912281885743141,6.019161317497492,3
0,15,0,7690,0,0,0.43989942595362663,Grant Hanley,D S,0,8,Norwich,1261,0,0.43989942595362663,1.7992970868945122,1.7992970868945122,4
0,16,0,7692,3,0,0.44425373151898384,Tom Trybull,M S,0,11,Norwich,1159,0.1500192228704691,0.44425373151898384,3.333414487540722,3.487555965781212,2
0,23,0,7694,12,0,1.293781565502286,Marco Stiepermann,M S,0,19,Norwich,1121,0.9374048952013254,1.293781565502286,3.412886144593358,5.1587738282978535,6
0,34,0,7702,1,0,0.03304080665111542,Dean Henderson,GK,0,1,Sheffield United,3060,0.021868819370865822,0.03304080665111542,0.29362767189741135,0.29362767189741135,2
1,36,0,7704,11,0,0.3295389236882329,Chris Basham,D,0,6,Sheffield United,3107,1.1792762093245983,0.3295389236882329,3.5061970818787813,3.8653882276266813,4
1,32,0,7705,16,0,0.8287773206830025,Jack O&#039;Connell,D S,0,14,Sheffield United,2823,3.557616675272584,0.8287773206830025,6.244431213475764,7.43582474719733,4
0,11,0,7713,3,0,0.05767989158630371,Luke Freeman,M S,0,3,Sheffield United,358,0.18556103855371475,0.05767989158630371,0.46212708950042725,0.6818461455404758,2
0,12,0,7714,7,0,0.13802925124764442,Ben Osborn,M S,0,2,Sheffield United,524,0.8878793343901634,0.13802925124764442,1.5885962843894958,2.333208814263344,0
0,2,0,7715,0,0,0,Simon Moore,GK,0,0,Sheffield United,180,0,0,0.02943248488008976,0.02943248488008976,0
0,6,0,7725,1,0,0.15865358710289001,Jonathan Kodjia,S,0,2,Aston Villa,96,0.08237358927726746,0.15865358710289001,0.0869247317314148,0.32795190811157227,1
0,9,0,7727,2,0,0.0532289519906044,Henri Lansbury,M S,0,2,Aston Villa,185,0.06579376012086868,0.0532289519906044,0.3610353469848633,0.46182457357645035,0
1,11,0,7753,9,0,0.2146021006628871,James Justin,D M S,0,5,Leicester,825,0.8690044768154621,0.2146021006628871,2.727129690349102,3.7826934680342674,1
2,18,0,7823,10,0,0.5616067871451378,Jack Stacey,D S,0,5,Bournemouth,1463,2.4069025814533234,0.5616067871451378,3.1087308824062347,5.164854355156422,2
0,6,0,7988,4,0,0.028427353128790855,Billy Gilmour,M S,0,1,Chelsea,190,0.18802570179104805,0.028427353128790855,1.7381222993135452,1.9261479154229164,0
1,15,0,7990,1,0,0.2578011816367507,Christoph Zimmermann,D,0,6,Norwich,1295,0.0452493317425251,0.2578011816367507,2.3750202395021915,2.390398435294628,2
0,19,0,8020,14,0,1.0576834194362164,Steven Alzate,D M S,0,13,Brighton,1175,0.815260611474514,1.0576834194362164,1.8680188860744238,3.4897163584828377,1
0,10,0,8021,1,0,0.806432606652379,Adam Idah,F S,0,5,Norwich,186,0.01502138003706932,0.806432606652379,0.014084350317716599,0.8355383388698101,0
0,2,0,8022,0,0,0,Michael McGovern,GK S,0,0,Norwich,159,0,0,0.1004980057477951,0.1004980057477951,0
0,27,0,8040,12,0,0.13154466729611158,Marvelous Nakamba,M S,0,7,Aston Villa,1811,0.5477455304935575,0.13154466729611158,4.226270055398345,4.725785667076707,5
0,11,0,8045,1,0,0.603948175907135,Eric Garcia,D S,0,2,Manchester City,641,0.17388932406902313,0.603948175907135,3.6525975167751312,3.6525975167751312,1
0,2,0,8046,0,0,0,Kieron Freeman,S,0,0,Sheffield United,5,0,0,0.023521866649389267,0.023521866649389267,0
0,1,0,8061,0,0,0.42813047766685486,Leon Clarke,S,0,1,Sheffield United,12,0,0.42813047766685486,0.05996185913681984,0.4880923330783844,0
0,14,0,8066,5,0,1.0485072992742062,Arnaut Danjuma Groeneveld,M S,0,13,Bournemouth,614,0.16391022875905037,1.0485072992742062,0.2690830584615469,1.2045335508883,0
2,22,0,8067,21,0,0.741541588678956,Reece James,D M S,0,16,Chelsea,1332,2.3278714194893837,0.741541588678956,5.630684684962034,6.452682316303253,1
0,5,0,8082,0,0,0,David Martin,GK S,0,0,West Ham,436,0,0,0.16211920976638794,0.16211920976638794,1
0,13,0,8089,5,0,0.12888482213020325,Kieran Tierney,D M S,0,4,Arsenal,879,0.6083194427192211,0.12888482213020325,2.08988606184721,2.4160751290619373,2
0,6,0,8090,1,0,0,Lloyd Kelly,D S,0,0,Bournemouth,454,0.13822238147258759,0,0.4565573148429394,0.594779696315527,2
0,2,0,8145,0,0,0,Troy Parrott,S,0,0,Tottenham,3,0,0,0,0,0
1,9,0,8150,6,0,0.2063601352274418,Anthony Gordon,M S,0,5,Everton,405,0.33994974941015244,0.2063601352274418,0.27366742491722107,0.7196585200726986,0
0,5,0,8204,2,0,0.21738557517528534,Neco Williams,D S,0,6,Liverpool,146,0.04667234420776367,0.21738557517528534,0.611431896686554,0.797663003206253,1
0,2,0,8214,1,0,0,Tyrick Mitchell,S,0,0,Crystal Palace,6,0.040330834686756134,0,0.3232373893260956,0.3232373893260956,0
0,2,0,8216,2,0,0,Brandon Pierrick,S,0,0,Crystal Palace,10,0.09551873803138733,0,0,0.09551873803138733,0
0,6,0,8222,1,0,0.053468216210603714,Japhet Tanganga,D M,0,3,Tottenham,528,0.029117818921804428,0.053468216210603714,0.70845702663064,0.7489598095417023,1
1,8,0,8224,2,0,0.2574672568589449,William Smallbone,M S,0,4,Southampton,340,0.08942617103457451,0.2574672568589449,0.4182159397751093,0.7425661273300648,0
1,7,0,8226,3,0,0.012434895150363445,Tariq Lamptey,D M S,0,1,"Brighton,Chelsea",444,0.43632176518440247,0.012434895150363445,0.415417093783617,0.8641737326979637,2
0,5,0,8235,0,0,0.014036504551768303,Jeremy Ngakia,D,0,1,West Ham,442,0,0.014036504551768303,0.8779283137992024,0.8919648202136159,0
0,8,0,8239,0,0,0.7983779609203339,Takumi Minamino,F S,0,6,Liverpool,164,0,0.7983779609203339,0.36309994384646416,1.1058771573007107,0
0,4,0,8254,0,0,0.03281444311141968,Indiana Vassilev,S,0,1,Aston Villa,35,0,0.03281444311141968,0,0.03281444311141968,0
0,6,0,8257,2,0,0.019950563088059425,Gedson Fernandes,S,0,1,Tottenham,50,0.09191018715500832,0.019950563088059425,0.15609947219491005,0.2679602224379778,0
0,2,0,8272,0,0,0.04292362555861473,João Pedro,S,0,1,Watford,13,0,0.04292362555861473,0,0.04292362555861473,0
0,5,0,8286,2,0,0,Jack Robinson,D,0,0,Sheffield United,417,0.148165974766016,0,0.9445101413875818,1.0926761142909527,0
0,7,0,8291,4,0,0.5171182230114937,Daniel Podence,F S,0,7,Wolverhampton Wanderers,183,0.4968371093273163,0.5171182230114937,0.48933324962854385,1.156763695180416,0
0,8,0,8323,1,0,0.2527858726680279,Josh Brownhill,M S,0,4,Burnley,628,0.043923478573560715,0.2527858726680279,0.6405830085277557,0.7899943068623543,1
0,7,0,8379,4,0,0.15129105653613806,Alexis Mac Allister,F M S,0,4,Brighton,251,0.09951683413237333,0.15129105653613806,0.4020299166440964,0.5339025175198913,0
0,2,0,8380,0,0,0,Pablo Marí,D,0,0,Arsenal,113,0,0,0.5135994404554367,0.5135994404554367,0
0,1,0,8383,0,0,0.016682621091604233,Faustino Anjorin,S,0,1,Chelsea,19,0,0.016682621091604233,0,0.016682621091604233,0
0,1,0,8384,0,0,0,Armando Broja,S,0,0,Chelsea,4,0,0,0.020872782915830612,0.020872782915830612,0
0,4,0,8455,0,0,0,Josh Martin,S,0,0,Norwich,24,0,0,0,0,0
0,1,0,8456,0,0,0.07578611373901367,Nathan Tella,S,0,1,Southampton,1,0,0.07578611373901367,0,0.07578611373901367,0
0,3,0,8472,2,0,0.06403877586126328,Richairo Zivkovic,S,0,1,Sheffield United,54,0.13802517391741276,0.06403877586126328,0.1276949793100357,0.1276949793100357,0
0,2,0,8476,0,0,0,Jarrad Branthwaite,S,0,0,Everton,116,0,0,0.2472849264740944,0.2472849264740944,0
0,1,0,8480,0,0,0,Max Thompson,S,0,0,Burnley,1,0,0,0,0,0
0,1,0,8493,1,0,0.013284161686897278,Jake Vokins,D,0,1,Southampton,90,0.09659572690725327,0.013284161686897278,0.4885772168636322,0.5018613934516907,0
0,1,0,8496,0,0,0.07760051637887955,Tommy Doyle,S,0,1,Manchester City,13,0,0.07760051637887955,0,0.07760051637887955,0
1,1,0,8562,3,0,0,Luke Thomas,M,0,0,Leicester,90,0.23882080614566803,0,0.6609907150268555,0.6609907150268555,0
